essay,CASING,CLICHES,COMPOUNDING,CONFUSED_WORDS,CONTRACTIONS,FORMAL_SPEECH,GRAMMAR,MISC,MISSPELLING,PUNCTUATION,REDACTION_TIPS,REDUNDANCY,REPETITIONS,STYLE,SYNTAX,TYPOS
0,0,0,1,0,0,0,0,0,0,0,0,0,0,2,0,1
1,1,0,0,1,0,1,1,0,0,0,2,0,0,3,0,1
2,0,0,0,0,1,1,2,0,0,1,2,1,1,1,0,0
3,0,0,0,0,0,0,0,0,0,1,1,0,0,1,0,0
4,0,0,0,3,0,1,1,0,0,1,2,0,0,1,0,0
5,0,0,0,0,0,0,0,0,0,0,2,1,0,5,0,0
6,0,0,0,0,0,1,0,0,0,0,0,0,0,1,0,0
7,0,0,0,0,0,0,0,0,0,0,0,1,0,0,0,0
8,0,0,0,1,0,1,0,0,1,3,1,0,0,4,0,0
9,0,0,0,0,0,0,1,0,0,0,0,2,1,1,0,0
10,0,0,0,1,0,0,0,0,0,1,2,0,0,0,0,0
11,0,0,0,0,0,0,2,0,0,0,0,0,0,0,0,0
12,0,0,0,0,0,0,0,0,0,1,0,1,0,1,0,0
13,1,0,0,1,0,0,1,0,0,0,0,0,0,0,0,3
14,0,0,0,0,0,0,1,0,0,0,0,0,0,1,0,0
15,0,0,0,0,0,1,0,0,0,0,1,0,0,0,0,3
16,0,0,0,0,0,0,3,0,0,3,1,0,0,2,0,0
17,0,0,1,0,0,1,0,1,0,0,2,1,0,2,0,0
18,0,0,0,0,0,1,0,1,0,1,0,1,2,0,0,1
19,0,0,0,0,0,1,2,0,0,2,0,0,0,0,0,4
20,0,0,0,0,0,0,1,0,0,0,2,0,0,0,0,0
21,0,0,0,2,0,0,0,1,0,0,1,0,0,0,1,0
22,0,0,0,0,0,1,1,0,0,1,2,2,0,0,0,1
23,0,0,0,0,0,1,0,0,0,0,0,1,0,0,0,0
24,0,0,0,0,0,0,0,0,1,2,0,0,0,1,1,1
25,0,0,0,0,0,0,0,0,0,0,1,0,0,0,0,0
26,0,0,0,0,0,0,3,0,0,1,1,0,0,0,0,1
27,0,0,0,0,0,0,3,1,0,1,0,0,0,1,0,0
28,0,0,0,1,0,1,0,0,0,0,0,0,0,3,0,0
29,0,0,0,0,0,0,0,0,0,1,0,0,0,0,0,2
30,0,0,0,2,0,0,1,1,0,0,3,0,0,3,0,1
31,0,0,0,3,0,0,1,0,0,1,1,0,0,1,0,0
32,0,0,0,0,0,0,0,0,0,0,3,0,0,1,1,0
33,2,0,0,2,0,0,6,0,0,2,1,0,1,0,0,2
34,0,0,0,0,0,0,0,0,0,3,0,0,0,0,0,0
35,1,0,0,1,0,1,3,0,1,0,3,0,0,0,0,0
36,0,0,1,1,0,0,0,0,0,0,1,0,0,4,0,0
37,0,0,0,3,0,0,2,1,0,0,2,1,0,1,0,0
38,0,0,0,0,0,0,2,0,0,0,1,1,0,3,1,0
39,0,0,0,0,0,0,1,0,0,0,0,2,0,3,0,1
40,1,0,0,1,0,1,0,0,0,1,1,0,0,2,0,0
41,0,0,0,2,0,1,3,0,0,0,1,0,0,2,0,4
42,0,0,0,2,0,1,0,0,0,0,1,0,0,0,0,1
43,0,0,0,1,0,0,2,0,0,3,0,0,0,1,0,0
44,0,0,0,0,0,0,0,0,0,1,1,0,0,1,0,0
45,0,0,0,0,0,0,1,0,0,0,0,0,0,0,0,2
47,0,0,0,0,0,0,3,0,0,0,1,0,0,2,0,1
48,1,0,0,0,0,2,0,0,0,0,0,0,0,3,0,0
49,0,0,0,0,0,3,3,0,0,2,1,0,1,1,0,0
50,0,0,0,0,0,2,0,0,0,0,0,1,3,2,1,0
52,0,0,0,0,0,0,0,0,0,0,0,0,0,2,0,0
53,0,0,0,0,0,0,3,0,0,0,2,0,0,1,1,0
54,0,0,1,0,0,0,1,0,0,0,0,0,0,1,0,2
55,0,0,0,1,0,1,0,0,0,0,0,0,0,1,0,0
56,0,1,0,0,0,2,2,0,0,0,1,0,0,2,0,0
57,0,1,0,1,0,0,1,0,0,0,0,0,0,0,0,0
58,0,0,0,0,0,1,2,0,0,1,0,0,0,3,1,1
59,0,0,0,0,0,4,0,0,0,0,0,0,0,0,1,0
60,0,0,0,0,0,0,2,0,0,1,0,0,0,0,1,3
61,0,0,0,0,0,0,0,0,0,0,0,3,0,1,0,0
62,0,0,1,0,0,2,2,0,0,1,1,2,0,3,0,0
63,0,0,0,0,0,0,1,0,0,1,1,1,0,1,0,0
64,1,0,0,0,0,0,2,1,0,0,1,0,0,1,0,0
65,0,0,0,0,0,0,1,0,0,0,0,1,0,1,0,1
66,0,0,0,0,0,1,3,0,0,1,1,0,0,1,1,2
67,0,0,0,0,0,1,1,0,0,0,1,2,0,0,0,1
68,0,1,0,1,0,4,1,0,0,1,1,0,0,1,0,1
69,0,0,1,0,0,0,0,0,0,0,1,0,0,0,0,1
70,0,1,1,1,0,0,9,0,0,2,0,0,0,1,0,0
71,0,0,0,0,0,3,1,0,0,1,1,0,0,2,0,0
72,0,1,0,0,0,0,0,0,0,0,3,0,0,0,0,0
73,1,0,0,0,0,1,1,0,0,0,1,0,0,0,0,1
74,0,1,0,0,0,3,0,0,1,0,0,0,0,1,0,0
75,0,0,0,0,0,0,1,0,0,1,1,0,0,1,1,0
76,0,0,0,0,0,0,2,0,0,0,0,1,0,2,0,1
77,0,0,0,0,0,0,1,0,0,0,1,0,0,0,0,1
78,1,0,0,1,0,2,0,0,3,1,2,0,0,2,0,2
79,0,0,0,0,0,0,1,0,0,0,1,0,0,1,0,0
80,0,0,0,0,0,1,1,0,0,1,1,0,0,0,0,0
81,0,0,1,0,0,0,6,0,0,1,0,0,0,2,0,7
82,0,1,0,0,0,1,1,0,2,0,0,0,0,0,0,1
83,0,0,0,0,0,0,2,0,0,0,1,0,0,0,0,0
84,0,0,0,0,0,0,0,0,0,1,2,0,0,0,0,0
85,0,1,0,0,0,0,4,0,0,1,0,0,0,3,0,0
86,0,0,1,0,0,0,1,0,0,1,2,0,1,0,0,5
87,0,0,0,0,0,0,0,0,0,1,1,0,0,2,0,0
88,3,0,0,0,0,0,2,0,0,0,1,0,1,0,0,0
89,0,1,0,0,0,1,0,0,0,0,1,0,0,0,0,1
90,0,0,0,0,0,0,0,0,0,0,1,0,0,0,0,1
91,0,0,0,0,0,1,0,0,0,1,2,0,0,1,0,2
92,0,0,0,1,0,0,0,0,0,1,0,1,0,2,0,0
93,0,0,0,0,0,0,0,0,0,3,0,0,0,0,0,2
94,0,0,0,0,0,0,1,0,0,0,1,0,0,0,0,0
95,0,0,0,0,0,0,2,0,0,1,2,0,1,2,0,1
96,0,0,0,0,0,0,1,0,0,0,0,0,0,1,0,0
97,1,0,0,0,0,1,2,1,0,0,1,0,0,0,0,2
98,0,0,0,0,0,0,0,0,0,0,2,0,0,0,0,0
99,0,0,0,0,0,0,1,0,0,1,1,1,0,1,0,1
100,0,0,0,0,0,0,0,0,0,0,1,0,0,0,0,0
101,0,0,0,0,0,0,5,0,0,1,0,0,1,0,0,2
102,1,0,0,0,0,0,1,0,0,0,0,0,0,1,1,0
103,0,0,0,2,0,0,0,0,0,2,3,0,0,0,0,1
104,0,0,0,0,0,1,1,1,0,0,0,1,0,1,0,0
105,0,0,0,0,0,0,0,0,0,0,0,0,0,1,0,0
106,0,0,0,0,0,0,1,0,1,1,0,0,0,0,0,1
107,0,0,0,1,0,0,0,0,0,1,3,0,0,1,0,0
108,0,0,0,1,0,0,1,0,0,1,0,0,1,0,1,0
109,0,0,0,0,0,0,0,0,0,1,0,0,0,0,0,0
110,0,1,0,2,0,0,1,0,0,0,4,0,0,2,1,2
111,0,0,0,1,0,0,0,0,0,0,1,1,1,0,0,1
112,0,0,0,0,0,0,1,0,0,1,0,0,0,2,0,0
113,0,0,0,0,0,0,1,0,0,0,1,0,0,1,0,0
114,1,0,0,2,0,0,1,0,0,1,1,0,0,1,0,0
115,0,0,0,1,0,0,0,0,0,1,1,0,0,1,0,0
116,0,0,0,0,0,0,1,2,0,1,1,0,0,0,0,0
117,0,1,0,0,0,0,2,1,0,2,0,0,1,0,0,0
118,0,0,2,1,0,0,2,0,0,0,0,0,0,0,0,2
119,0,0,0,0,0,0,2,0,0,1,1,0,0,1,1,2
120,0,0,0,1,0,1,3,0,0,1,0,1,0,0,0,2
121,0,0,0,0,0,1,0,1,0,1,1,0,0,0,0,0
122,0,0,0,1,0,0,1,1,0,1,0,0,0,0,0,1
123,0,0,0,0,0,0,0,0,0,0,0,0,0,1,0,0
124,0,2,1,0,0,3,0,1,0,1,0,0,0,0,0,0
125,0,0,0,0,0,0,1,0,0,2,2,0,0,2,0,0
126,0,0,0,0,0,0,1,0,1,0,2,1,0,1,0,1
127,0,0,0,1,0,1,1,0,0,0,1,0,1,0,0,8
128,0,0,1,0,0,0,2,0,0,0,0,0,0,1,0,0
129,0,0,0,1,0,0,3,0,0,0,0,0,0,1,2,1
130,1,0,0,0,0,1,0,0,0,0,1,0,1,2,0,3
131,0,0,0,0,0,0,2,0,0,0,0,0,0,0,0,0
132,0,0,0,0,0,0,3,0,0,0,2,0,0,3,1,0
133,0,0,0,0,0,0,0,0,0,0,0,0,0,3,0,0
134,0,0,0,0,0,1,1,0,0,0,1,0,1,1,0,2
135,0,0,0,0,0,4,3,1,0,0,0,0,0,1,0,2
136,1,0,0,0,0,4,1,0,0,1,3,0,0,0,0,1
137,0,0,0,0,0,1,0,0,0,1,1,0,0,0,0,0
138,0,0,0,2,0,0,3,0,0,0,1,0,0,0,0,0
139,0,0,0,0,0,0,0,0,0,0,1,0,0,1,0,0
140,0,0,0,1,0,0,0,0,0,2,2,0,0,1,0,9
141,0,0,0,1,0,1,2,4,0,0,1,0,0,0,0,1
142,0,0,0,0,0,2,0,0,0,0,0,0,0,0,0,0
143,0,0,0,0,0,0,2,0,0,1,0,0,0,3,0,1
144,0,0,0,0,1,0,3,0,0,0,2,0,0,1,0,0
145,0,0,0,0,0,1,0,2,0,0,0,0,0,1,0,0
146,0,0,0,1,0,0,0,0,0,0,0,0,0,0,0,0
147,0,0,0,1,0,0,2,0,0,2,1,0,0,2,0,2
148,0,0,0,0,0,0,1,0,0,1,1,0,3,1,0,0
149,0,0,0,0,0,0,1,0,0,2,2,0,0,0,1,0
150,0,0,0,0,0,0,0,0,0,0,0,1,0,2,0,1
151,0,0,0,0,1,0,2,0,0,0,2,1,0,2,0,0
152,0,0,0,0,0,0,0,0,0,0,1,0,0,0,0,1
153,0,0,0,0,0,0,0,3,1,0,0,0,0,0,0,3
154,0,0,0,1,0,0,0,0,0,2,2,0,0,0,0,0
155,0,0,0,3,0,0,2,0,0,2,1,1,0,0,0,0
156,0,1,0,0,0,0,0,0,0,0,2,0,0,3,0,0
157,0,0,0,0,0,0,2,0,0,1,0,0,0,3,0,0
158,0,0,0,0,0,0,0,0,0,1,1,1,0,0,0,1
159,0,0,0,1,0,0,1,2,0,0,1,0,0,2,0,12
160,0,0,0,0,0,0,0,0,0,0,0,1,0,0,0,1
161,0,0,0,0,0,1,0,0,0,0,0,0,0,3,0,0
162,1,0,0,1,0,0,1,0,0,2,0,0,0,1,0,1
163,0,0,0,0,0,0,2,0,0,1,0,1,0,0,0,5
164,1,0,0,0,0,1,2,0,0,0,3,1,0,3,1,3
165,0,0,0,2,0,0,3,0,0,1,0,0,0,0,0,12
166,0,0,0,1,0,0,1,0,0,1,0,0,0,3,0,1
167,0,0,0,2,0,0,5,1,0,1,0,0,0,1,0,1
168,1,0,0,0,0,1,0,0,0,0,1,0,0,1,1,1
169,0,0,0,0,0,0,3,1,0,1,2,1,1,2,0,0
170,0,0,0,0,0,0,0,0,0,2,0,0,0,3,0,1
171,0,0,0,0,0,0,2,0,0,0,1,1,0,1,2,0
172,0,0,0,1,0,0,0,1,0,1,2,0,0,0,0,1
173,0,0,0,3,0,1,0,0,0,0,0,0,0,0,0,0
174,0,0,0,0,0,0,0,0,0,1,2,0,0,3,0,2
175,0,0,0,0,0,0,0,0,0,1,0,0,0,2,0,0
176,0,0,0,0,0,2,1,0,0,0,2,0,0,1,1,0
177,0,0,0,0,0,3,3,0,0,0,0,1,1,0,0,0
178,0,0,0,0,0,1,3,0,0,3,0,0,1,2,0,0
179,0,0,0,0,0,0,4,0,0,0,0,1,0,1,0,0
180,0,0,0,0,0,0,0,0,0,0,1,1,0,1,0,0
181,0,0,0,0,0,1,0,0,0,0,0,0,0,1,0,0
182,0,0,0,0,0,2,0,0,0,0,2,0,0,1,0,1
183,0,0,0,0,0,0,1,0,0,1,2,0,0,0,0,0
184,0,1,0,4,0,0,3,0,0,0,0,1,1,0,0,0
185,0,0,0,0,0,0,1,0,0,0,1,0,0,1,0,0
186,0,0,0,0,0,0,2,0,0,0,1,0,0,1,0,0
187,0,0,0,1,0,1,1,0,0,0,0,0,0,0,0,0
188,0,0,0,0,0,1,0,0,0,0,0,0,0,5,0,1
189,0,0,0,0,0,0,1,1,0,0,1,1,0,4,0,2
190,0,0,0,0,0,1,1,0,1,0,1,0,0,4,0,2
191,0,0,0,1,0,0,0,0,0,0,0,0,0,1,0,0
192,2,0,0,1,0,0,1,0,0,0,0,2,0,0,0,1
193,0,0,0,0,0,0,2,0,0,0,1,1,0,3,0,0
194,0,0,0,0,0,0,4,0,0,1,1,0,0,2,2,0
195,0,0,0,0,0,0,1,0,0,0,0,0,0,1,0,0
196,0,0,0,0,0,0,0,0,0,0,3,0,0,0,0,0
197,0,0,0,0,0,0,0,0,0,0,1,0,0,0,0,0
199,0,0,0,0,0,2,2,0,0,2,2,0,2,1,0,9
200,1,0,1,4,0,0,0,0,0,0,0,0,0,2,1,8
201,0,0,0,1,0,0,0,0,0,1,0,0,0,2,0,4
202,0,0,0,0,0,0,2,1,0,0,1,0,0,4,0,1
203,1,0,0,0,0,0,5,1,0,1,1,1,1,1,0,2
204,0,0,0,0,0,0,0,0,0,1,1,1,0,0,0,5
205,0,0,0,0,0,0,0,0,0,0,0,0,0,0,0,2
206,0,0,0,0,0,0,1,0,0,0,1,0,0,0,0,2
207,0,0,0,0,0,0,0,0,0,1,1,0,0,0,0,3
208,0,0,0,4,0,1,3,1,0,1,0,0,0,2,0,2
209,0,0,0,1,0,0,1,0,0,1,0,1,0,0,1,1
210,0,0,0,0,0,0,0,0,0,2,2,0,0,2,0,1
211,0,0,0,0,0,1,1,0,0,1,1,0,1,0,0,4
212,0,0,1,0,0,0,2,0,0,1,1,0,0,2,0,1
213,0,0,0,8,0,0,0,0,0,3,1,2,0,3,0,4
214,0,0,0,0,0,0,0,0,0,2,0,0,0,2,0,1
215,0,0,0,0,0,0,0,0,0,0,2,0,0,1,0,1
216,0,0,0,4,0,0,2,0,0,2,2,0,1,3,0,4
217,0,0,1,1,0,0,0,0,0,0,1,0,0,0,0,1
218,0,0,0,0,0,0,1,0,0,0,2,0,0,4,0,1
219,0,0,0,0,0,0,2,0,0,1,0,0,0,2,0,1
220,0,1,0,0,0,0,0,0,0,0,2,0,1,6,0,1
221,0,0,0,0,0,1,0,0,0,0,1,1,0,4,0,0
222,0,0,0,0,0,1,1,0,0,0,1,1,0,3,0,1
223,0,0,0,0,0,1,5,0,0,0,2,0,0,3,0,0
224,2,0,0,2,0,0,2,0,0,2,0,0,0,2,0,2
225,0,1,0,0,0,1,2,0,0,0,0,0,0,4,0,0
226,0,0,0,1,0,0,0,0,0,0,1,0,0,3,0,0
227,0,0,0,0,0,1,3,0,0,0,0,0,0,7,0,6
228,0,0,0,0,0,1,1,0,0,1,0,0,0,2,0,0
229,0,0,0,0,0,0,2,0,0,0,2,0,0,3,0,0
230,5,0,0,4,0,3,4,0,0,1,1,0,2,4,0,1
231,0,0,0,1,0,1,1,0,0,0,0,0,0,5,0,2
232,0,0,0,0,0,0,1,0,0,0,3,1,1,2,0,0
233,0,1,0,6,0,1,6,0,0,1,1,0,0,3,2,0
234,0,0,0,0,0,1,1,0,0,1,4,0,0,7,0,2
235,0,0,0,0,0,0,0,0,0,0,1,0,0,7,0,0
236,0,0,0,0,0,0,0,0,0,0,0,1,0,3,0,0
237,0,0,0,0,0,0,0,0,0,0,0,0,0,3,0,0
238,0,0,0,0,0,1,2,0,0,0,0,0,0,1,0,1
239,0,1,0,0,0,1,0,1,0,1,2,0,0,1,0,0
240,0,1,0,0,0,0,0,1,0,0,0,2,0,0,0,0
241,0,1,0,0,0,1,0,1,0,0,2,0,0,1,0,1
242,0,0,0,0,0,1,1,0,0,1,1,0,1,1,0,2
243,0,0,0,0,0,1,0,0,0,0,0,1,0,0,0,1
244,0,0,0,0,0,0,1,0,0,1,0,0,0,2,0,0
245,0,0,0,0,0,2,0,0,0,0,0,0,0,0,0,0
246,0,0,0,0,0,1,1,0,0,0,0,0,1,0,0,0
247,0,0,0,0,0,0,0,0,0,0,1,1,0,1,0,1
248,0,0,0,0,0,0,0,0,0,0,1,0,0,0,0,0
249,0,0,0,0,0,1,0,0,0,1,1,0,0,0,0,4
250,0,0,0,0,0,1,1,0,0,0,0,0,0,1,0,1
251,0,0,0,0,0,2,1,0,1,3,0,0,2,2,0,0
252,0,0,0,0,0,1,2,0,0,2,1,0,0,0,0,0
253,0,0,0,1,0,0,0,0,0,0,0,1,0,3,0,0
254,0,0,0,1,0,2,3,0,0,1,0,0,0,0,0,1
255,0,0,0,1,0,1,1,1,0,0,2,0,0,0,0,0
256,1,0,0,0,0,0,1,1,0,1,4,1,0,4,0,0
257,0,0,0,0,0,1,0,0,0,0,1,1,0,1,0,0
258,0,0,0,1,0,0,1,0,0,0,0,0,0,0,0,0
259,0,0,0,1,1,0,2,0,0,0,0,0,0,0,0,0
260,0,0,1,1,0,1,2,0,0,0,0,0,0,3,0,1
261,0,0,0,0,0,1,0,0,0,0,0,0,0,0,0,1
262,0,1,0,0,0,1,1,0,0,0,0,0,1,2,0,0
263,1,0,0,0,0,0,2,0,0,0,3,1,0,1,0,1
264,0,0,0,2,1,0,0,0,0,0,0,0,0,0,0,0
265,0,0,0,0,0,2,0,0,0,0,2,0,0,1,0,1
266,0,0,0,0,0,0,0,0,0,0,0,0,0,0,0,2
267,0,1,0,4,0,1,1,0,0,3,0,0,0,2,0,0
268,0,0,0,0,0,2,4,0,0,0,2,0,0,3,0,0
269,0,0,0,1,0,3,2,0,0,1,0,0,0,2,0,0
270,0,1,0,0,0,1,0,0,0,0,2,0,0,2,0,1
271,0,0,0,0,1,0,0,0,0,0,3,0,0,0,0,2
272,0,0,0,1,0,3,1,0,0,0,2,1,0,2,0,0
274,2,0,0,0,0,2,1,0,1,2,0,0,0,0,0,1
275,0,0,0,0,0,0,2,0,0,0,1,0,0,0,1,1
276,0,0,0,0,0,0,2,0,0,0,1,0,0,1,0,0
277,0,0,0,0,0,1,2,0,0,1,0,1,0,0,0,1
278,0,0,1,0,0,0,0,0,0,0,1,0,0,1,0,3
279,0,0,0,0,0,0,0,0,0,0,0,0,0,0,0,1
280,0,0,0,0,0,1,2,0,0,0,1,0,0,1,0,1
281,0,0,0,0,0,0,0,1,0,1,1,0,0,2,0,0
282,0,0,0,1,0,0,0,0,0,0,1,0,0,1,0,0
283,0,0,0,0,0,0,1,0,0,0,1,0,0,0,0,2
284,0,0,0,0,0,0,1,0,0,0,0,0,0,0,0,1
285,0,0,0,0,0,0,0,0,0,1,2,0,0,2,0,1
286,0,0,0,1,0,0,0,0,0,0,1,0,0,1,0,3
287,0,1,1,0,0,0,0,0,0,3,1,0,0,1,0,0
288,0,1,0,1,0,0,0,0,0,0,1,0,0,0,0,3
289,0,0,0,0,0,0,0,0,0,0,0,0,0,1,0,1
290,0,0,0,3,0,1,2,0,0,2,0,0,0,1,1,12
291,0,0,0,0,0,0,0,0,0,0,0,0,0,0,1,2
292,0,0,1,0,0,0,0,0,0,1,1,0,0,0,0,3
293,1,0,0,0,0,0,1,0,0,0,0,0,0,1,0,2
294,0,0,0,0,0,0,1,0,0,0,0,0,0,1,0,0
295,0,0,1,0,0,1,0,0,0,0,1,0,0,1,0,3
296,0,0,0,1,0,0,2,2,0,0,1,0,0,0,0,7
297,0,0,0,0,0,1,4,0,0,1,2,1,0,1,0,2
298,0,1,0,0,0,1,0,0,0,0,1,0,0,1,0,2
299,0,0,0,0,0,2,2,1,0,1,3,0,0,1,0,7
300,0,0,0,1,0,0,1,0,0,0,0,0,1,0,0,1
301,0,0,0,0,0,0,2,0,0,1,1,0,0,0,0,4
302,0,1,0,0,0,0,3,0,0,0,2,0,0,1,0,1
303,1,0,0,0,0,0,0,0,0,0,0,0,0,1,0,0
304,0,0,0,0,0,0,1,0,0,0,0,0,0,1,0,1
305,0,0,0,3,0,0,1,0,0,0,0,0,0,1,0,3
306,0,0,0,1,0,0,1,0,1,0,0,0,0,0,0,2
307,0,0,0,0,0,2,0,0,0,0,1,0,0,1,0,0
308,0,0,0,0,0,0,0,0,0,0,0,0,0,0,0,1
309,0,0,0,0,0,0,0,0,0,0,4,0,0,0,0,1
310,0,0,0,1,0,0,1,2,0,2,3,1,0,0,0,2
311,0,0,0,1,0,2,3,0,0,0,0,0,0,1,0,0
312,0,0,0,1,0,0,1,0,0,1,0,1,1,0,0,0
313,2,0,0,0,0,2,0,0,0,1,1,0,0,1,0,0
314,0,1,0,0,0,1,0,0,0,2,1,0,0,0,0,2
315,1,0,0,0,0,0,1,1,0,1,1,0,0,0,1,4
316,0,0,0,3,0,0,0,0,0,1,2,0,0,1,0,0
317,0,0,0,0,0,0,0,0,0,0,1,0,0,1,0,4
318,0,0,0,0,0,0,4,0,0,2,0,0,0,0,0,0
319,0,0,0,0,0,1,1,0,0,0,0,0,0,2,0,3
320,0,0,0,1,0,0,1,0,0,3,1,0,0,2,0,0
321,0,0,0,0,0,1,1,0,0,0,3,0,1,4,0,0
322,0,0,0,0,0,0,1,1,0,0,1,0,1,1,0,0
323,0,1,0,0,1,0,0,0,0,0,0,1,0,0,0,0
324,0,0,0,0,0,0,2,0,0,1,1,0,0,0,0,0
325,0,0,0,0,0,0,0,0,0,0,1,0,1,3,0,0
326,0,0,1,0,0,0,1,0,0,0,1,0,0,0,0,3
327,0,0,0,0,0,0,0,0,0,0,1,0,0,0,0,0
328,0,0,0,1,0,0,1,0,0,2,0,0,0,1,0,0
329,0,0,0,0,0,2,1,1,0,0,1,0,0,1,0,2
330,0,1,0,1,0,0,2,1,0,0,1,0,3,1,0,0
331,2,0,0,4,0,0,7,0,0,1,2,2,0,1,0,0
332,0,0,0,0,0,1,1,0,0,0,1,0,0,0,0,0
333,0,0,0,0,0,0,1,0,0,0,1,0,0,1,0,2
334,1,0,0,0,0,2,1,0,0,0,0,0,2,0,0,0
335,1,0,0,2,0,0,0,1,0,0,0,0,2,0,0,0
336,1,0,0,1,0,0,1,0,0,2,0,0,0,1,0,0
337,0,0,0,0,0,1,3,0,0,0,0,0,0,5,0,3
338,0,0,0,0,0,0,0,1,0,0,1,0,0,0,0,1
339,0,0,0,0,0,1,0,0,0,0,0,0,0,0,0,0
340,0,1,0,0,0,0,5,0,0,4,1,0,0,0,0,0
341,0,0,0,0,1,0,1,0,0,0,0,0,0,1,0,0
342,0,0,0,0,0,0,1,0,0,0,0,0,0,0,0,0
343,0,0,0,0,0,0,0,1,0,2,0,0,0,1,0,0
344,0,0,0,0,0,0,1,0,0,0,2,0,0,1,0,0
345,0,0,0,0,0,0,4,0,0,0,1,0,0,1,0,0
346,0,0,0,0,0,0,0,0,0,0,0,0,0,2,0,0
347,0,0,0,0,0,1,0,0,0,1,4,0,0,1,0,0
348,0,0,0,0,0,0,0,0,0,1,0,1,0,1,1,0
349,0,0,0,0,0,0,1,0,0,1,1,1,0,2,0,0
350,0,0,1,0,0,0,0,0,0,1,0,0,0,0,0,2
351,0,2,0,0,0,0,1,0,0,1,0,0,0,3,0,0
352,0,1,0,0,0,1,3,0,0,1,0,0,0,1,0,0
353,0,0,0,1,0,0,3,0,0,0,1,0,0,1,0,0
354,0,0,0,1,0,0,3,0,1,0,3,0,0,1,0,0
355,0,0,0,0,0,0,0,0,0,2,1,0,0,1,0,0
356,0,0,0,0,0,0,1,0,0,0,0,0,0,3,0,2
357,0,0,0,4,0,0,1,0,0,0,2,0,0,0,0,0
358,0,0,0,0,0,0,0,0,0,0,1,0,0,1,0,0
359,0,0,0,1,0,1,1,0,0,0,0,0,0,0,0,1
360,0,0,0,0,0,0,1,0,0,0,1,1,0,1,0,0
361,0,0,0,0,0,1,0,0,0,0,0,0,0,1,0,0
362,0,0,0,0,0,0,0,1,0,0,0,0,0,1,0,0
363,0,0,0,0,0,0,1,0,0,1,2,0,0,1,0,0
364,0,0,0,0,0,0,0,0,0,0,2,0,0,3,0,0
365,0,0,0,0,0,0,0,0,0,1,1,0,0,0,0,0
366,0,0,0,0,0,0,0,0,0,0,1,0,0,3,0,0
367,0,0,0,1,0,0,4,0,0,1,1,0,0,1,0,0
368,0,0,0,0,0,0,1,1,0,1,0,0,0,3,0,1
369,0,0,1,0,0,0,2,0,0,0,1,1,0,1,0,0
370,0,0,0,1,0,0,1,0,0,0,0,0,0,0,0,0
371,0,0,0,0,0,0,1,0,0,1,5,0,1,0,0,1
372,0,0,0,0,0,0,0,0,0,0,2,0,0,1,0,0
373,0,0,0,0,0,0,2,2,0,0,0,0,0,3,0,0
374,0,0,0,0,0,0,0,0,0,0,0,0,0,1,0,13
375,0,1,0,1,0,0,2,1,0,0,3,0,0,0,0,1
376,0,0,0,0,0,1,1,0,0,0,1,1,0,0,0,0
377,0,0,0,0,0,0,0,0,0,1,1,1,0,0,0,0
378,0,0,0,0,0,0,2,0,0,1,1,0,0,2,0,1
379,0,0,1,0,0,0,0,1,0,0,0,0,0,0,0,0
380,0,0,0,0,0,1,0,0,0,0,0,0,0,1,0,0
381,0,0,0,0,0,0,3,0,0,0,0,0,0,0,0,1
382,0,1,0,0,0,0,0,0,0,0,1,0,0,2,0,1
383,0,0,3,0,0,0,4,1,0,1,3,0,0,2,0,0
384,0,0,0,0,0,0,2,0,0,1,1,0,0,1,0,1
385,0,0,1,0,0,1,0,0,0,0,1,0,0,0,0,0
386,0,0,0,2,0,0,1,0,0,0,0,0,0,2,0,1
387,0,0,0,4,0,0,0,0,0,0,3,1,0,4,0,0
388,0,1,0,1,0,1,4,0,0,1,0,0,0,0,0,3
389,0,0,0,0,0,0,1,0,0,1,1,0,0,1,0,0
390,0,1,0,1,0,0,0,0,0,1,2,0,0,1,1,0
391,0,1,0,0,0,0,0,0,1,2,2,2,0,0,0,1
392,0,0,1,1,0,0,8,2,0,0,2,0,0,0,0,0
393,0,1,1,0,0,0,1,0,1,0,1,0,0,2,0,9
394,0,1,0,0,0,0,2,0,0,0,1,0,0,2,0,6
395,0,0,0,0,0,2,2,0,0,0,0,0,0,4,0,4
396,0,0,0,1,0,0,3,0,0,1,0,0,0,0,0,0
397,0,0,0,0,0,0,1,0,0,1,0,0,0,1,1,0
398,0,0,1,0,0,0,1,0,0,2,0,0,0,0,0,2
399,0,0,0,0,0,0,1,0,0,0,1,0,0,3,0,0
400,0,0,0,0,0,0,1,0,0,2,1,0,0,3,0,3
401,0,0,0,0,0,0,0,0,0,0,0,0,0,2,0,0
402,0,0,0,0,0,0,0,0,0,0,1,1,0,2,0,1
403,0,0,0,0,0,0,0,0,0,0,2,0,0,0,0,1
404,0,0,0,2,0,0,2,0,0,2,1,0,0,1,0,5
405,0,0,0,0,0,0,3,0,0,0,1,0,0,1,0,0
406,0,0,0,0,0,0,0,0,0,0,0,1,0,1,1,0
407,0,0,0,0,0,1,0,0,0,0,1,0,0,2,0,0
408,0,0,0,0,0,1,0,0,0,1,0,1,0,0,0,0
409,0,0,0,0,0,1,0,0,0,0,0,0,0,1,0,0
410,0,0,0,1,0,0,2,0,0,0,1,0,0,2,0,0
411,0,0,0,0,0,1,1,0,0,0,1,0,0,1,0,1
412,0,0,0,3,0,0,2,0,0,0,0,0,0,0,0,0
413,0,0,0,0,0,0,2,0,0,0,0,0,0,0,0,0
414,0,0,0,1,0,0,2,0,0,1,0,0,0,4,0,2
415,0,0,0,0,0,0,1,0,0,0,2,0,0,1,0,0
416,0,0,0,1,0,3,0,0,0,1,0,1,0,4,0,0
417,0,0,0,1,0,0,0,0,0,0,0,0,0,1,0,0
418,0,0,0,0,0,0,1,0,0,1,0,0,0,0,0,2
419,0,0,0,1,0,1,0,0,0,0,0,0,0,0,0,3
420,0,0,0,0,0,0,0,0,0,0,0,0,0,1,0,0
421,0,0,0,0,0,1,0,0,0,0,0,1,0,1,0,0
422,0,0,0,0,0,0,1,0,0,2,4,0,0,3,0,0
423,0,0,0,0,0,1,0,0,0,0,0,0,0,0,0,0
424,0,1,0,0,0,1,0,0,0,0,2,0,0,2,0,0
425,1,0,0,2,0,1,0,0,0,2,2,0,0,1,0,0
426,0,0,0,0,0,0,0,0,0,0,1,0,0,0,0,0
427,0,1,0,0,0,0,1,0,0,2,1,1,0,2,0,7
428,0,0,0,0,0,0,2,0,0,1,2,0,0,1,0,4
429,0,0,0,0,0,0,0,0,0,0,0,0,0,1,0,3
430,0,0,0,0,0,0,1,0,0,0,2,0,0,3,0,2
431,0,0,0,0,0,0,1,0,0,1,0,0,0,2,0,0
432,0,0,0,0,0,0,0,1,0,0,0,0,0,0,0,0
433,0,0,0,1,0,0,1,0,0,0,1,1,1,0,0,3
434,0,0,0,0,0,0,0,0,0,0,1,0,0,0,0,0
435,0,0,0,0,0,0,0,0,0,0,0,1,0,2,0,0
436,0,0,0,1,0,0,0,0,0,0,0,0,1,2,0,0
437,1,0,0,2,0,1,3,0,0,0,1,0,1,2,0,0
438,0,0,0,0,0,1,1,0,0,0,4,0,0,2,0,0
439,0,0,0,1,0,0,0,0,0,1,1,0,0,0,0,0
440,0,0,0,0,0,2,1,0,0,2,1,0,0,1,0,0
441,0,0,0,3,0,1,4,0,0,4,0,0,0,0,0,6
442,0,0,0,0,1,1,0,0,0,1,0,1,1,2,0,0
443,0,0,0,0,0,0,2,0,0,1,5,0,0,1,0,1
444,0,0,0,0,0,0,2,0,0,1,2,1,0,0,0,0
445,0,1,0,0,0,0,3,1,0,5,1,0,4,1,0,0
446,0,0,0,0,0,1,0,0,0,0,3,0,0,3,0,1
447,0,0,0,0,0,0,0,0,0,0,0,0,3,0,0,0
448,0,0,0,0,0,1,0,0,0,1,1,1,0,1,0,1
449,0,0,0,1,0,2,4,0,0,0,0,0,0,1,0,1
450,0,0,0,0,0,1,1,0,0,0,0,0,0,2,0,0
451,0,0,0,1,0,1,0,1,0,0,1,0,0,0,0,1
452,0,0,0,0,0,0,0,0,0,2,1,1,0,2,0,0
453,0,0,0,0,0,0,1,0,0,1,2,0,0,0,0,0
454,0,0,0,0,0,0,1,0,0,0,0,0,0,3,0,0
455,0,0,0,1,0,0,0,0,0,0,0,0,0,3,0,0
456,0,1,2,2,0,0,0,0,0,1,3,0,0,2,0,0
457,0,0,0,0,0,0,2,1,0,0,1,0,0,2,0,1
458,0,0,1,0,0,3,1,0,0,1,1,0,0,0,0,0
459,0,0,0,1,0,1,1,0,0,1,1,0,0,1,0,1
460,0,0,0,0,0,0,1,0,0,0,2,1,0,3,0,0
461,0,1,0,0,0,1,0,0,0,0,0,0,0,0,0,0
462,0,0,1,3,0,1,0,0,0,1,1,0,1,0,0,0
463,0,0,1,0,1,1,2,2,0,0,0,1,0,0,0,3
464,0,1,1,0,0,0,1,0,0,1,2,0,0,1,0,1
465,0,0,0,2,0,0,0,0,0,0,0,0,0,0,0,0
466,0,0,0,0,0,1,0,0,0,0,0,0,0,0,0,1
467,0,0,0,0,0,0,1,0,0,0,3,0,0,1,0,3
468,0,0,0,0,0,1,2,1,0,0,3,0,1,1,1,0
469,0,0,0,0,0,0,7,0,0,0,0,0,0,0,0,0
470,0,0,0,0,0,1,3,1,0,0,0,1,0,3,0,0
471,0,0,0,1,0,1,2,0,0,1,0,0,0,2,0,0
472,1,0,0,0,0,0,1,0,0,1,1,0,0,0,0,0
473,1,0,0,0,0,0,2,1,0,0,1,1,1,4,0,0
474,0,0,0,0,0,0,2,0,0,0,1,0,0,2,0,5
475,1,0,0,0,0,0,1,0,0,0,0,0,0,0,0,1
476,0,0,0,1,0,1,1,0,0,0,0,0,0,1,0,0
477,0,0,0,1,0,1,3,0,0,2,2,0,0,2,0,0
478,0,0,0,0,0,1,0,0,0,1,0,0,0,0,0,0
479,0,0,0,0,0,0,1,0,0,1,1,0,1,1,0,2
480,0,0,0,0,0,0,1,0,0,0,1,0,0,0,0,2
481,0,0,0,0,0,0,0,0,0,1,0,0,0,1,0,0
482,0,0,0,0,0,0,0,0,0,0,1,0,0,1,0,1
483,0,1,0,0,0,0,1,0,0,1,0,0,0,1,0,0
484,0,0,0,0,0,0,0,0,0,2,0,0,0,0,0,0
485,1,0,0,2,0,0,1,1,0,5,0,0,0,0,0,2
486,0,0,0,0,0,0,1,1,0,1,1,0,0,1,0,1
487,0,0,0,0,0,0,2,0,0,1,1,0,3,2,0,0
488,0,0,0,0,0,0,2,0,1,1,0,0,0,1,0,3
489,0,0,0,0,0,0,2,1,0,0,0,0,1,1,0,3
490,0,0,0,0,0,0,1,0,0,0,0,0,0,1,0,2
491,0,0,0,0,0,0,1,1,0,2,0,0,0,0,0,0
492,1,1,0,0,0,0,3,1,0,1,1,0,0,1,0,0
493,0,0,0,0,0,0,0,0,0,0,1,0,0,0,1,1
494,0,0,0,0,0,0,0,0,0,1,3,0,0,1,0,1
495,0,0,0,0,0,0,0,0,0,1,1,0,0,2,0,0
496,0,0,0,0,1,0,0,0,0,0,0,0,1,3,0,2
497,0,0,0,0,0,0,1,0,0,1,0,2,0,5,0,0
498,0,0,0,0,0,0,0,0,0,1,0,0,0,2,0,1
500,0,2,0,0,0,0,2,0,0,1,2,0,0,0,0,0
501,1,0,0,0,0,1,0,0,0,1,1,0,0,0,0,1
502,0,0,0,1,0,0,0,0,0,2,0,1,0,0,0,3
503,0,0,0,0,0,0,0,0,0,0,1,0,0,3,0,1
504,0,0,0,0,0,0,0,0,0,2,1,0,0,2,1,0
505,0,0,0,0,0,1,4,0,0,1,2,0,0,4,0,0
506,0,0,0,0,0,0,4,0,0,0,1,1,0,1,0,1
507,0,0,0,0,0,0,1,0,0,4,1,0,1,1,0,0
508,0,0,0,0,0,0,1,0,0,0,0,0,0,1,0,2
509,1,0,0,0,0,0,1,0,0,1,3,0,0,0,0,0
510,0,0,0,0,0,0,1,0,0,1,1,0,0,0,0,1
511,0,0,0,0,0,2,2,0,0,0,1,0,0,3,0,0
512,0,0,0,1,0,1,0,0,0,0,1,0,0,1,0,1
513,0,0,0,0,0,0,1,0,0,0,1,0,0,0,0,0
514,0,0,0,0,0,1,0,0,0,0,1,0,0,0,0,0
515,0,0,0,0,0,2,0,0,0,0,0,0,0,1,0,0
516,0,0,0,0,0,0,1,0,0,3,0,1,0,1,0,0
517,0,0,0,0,0,0,0,0,0,1,0,1,0,1,0,3
518,0,0,0,0,0,0,1,0,0,1,0,0,0,0,0,1
519,0,0,0,0,0,0,1,0,0,0,2,0,0,0,0,1
520,0,0,0,0,0,0,2,0,0,0,0,0,0,2,0,1
521,0,0,0,1,0,1,1,1,0,1,0,0,0,0,0,2
522,0,0,0,1,0,0,1,0,0,0,0,1,0,0,0,0
523,0,0,0,0,0,0,2,0,0,0,1,0,0,0,0,1
524,0,0,0,0,0,3,0,0,0,0,0,0,0,1,0,0
525,0,0,0,0,0,0,1,0,0,1,2,0,0,1,0,0
526,0,0,0,0,1,0,3,0,1,0,0,0,0,5,0,0
527,0,0,0,0,0,0,1,0,0,0,0,0,0,0,0,0
528,0,0,0,0,0,0,1,0,0,0,0,0,2,1,0,0
529,0,0,0,0,0,0,2,0,0,0,1,0,0,3,0,0
530,0,0,0,0,0,2,0,0,0,0,1,0,0,2,0,0
531,0,0,0,0,0,0,1,0,0,0,2,0,1,1,0,1
532,0,0,0,0,0,0,0,0,0,1,1,1,0,2,0,0
533,0,0,0,0,0,0,0,0,0,0,1,1,0,0,0,2
534,0,0,1,0,0,0,1,0,0,0,0,0,0,1,0,0
535,0,0,0,0,0,0,1,0,0,0,1,0,0,0,0,0
536,0,0,0,0,0,0,0,0,0,0,0,0,0,2,0,0
537,0,0,1,0,0,0,0,0,0,0,1,0,0,5,0,0
538,0,0,0,0,0,0,2,0,0,1,2,1,0,1,0,0
540,0,0,0,0,0,1,1,0,0,1,1,0,0,0,0,1
541,0,0,0,0,0,0,1,0,0,3,2,0,1,0,0,0
542,0,0,0,1,0,0,2,0,0,0,0,0,5,0,0,0
543,0,0,1,0,0,1,1,0,0,1,1,0,1,1,0,1
544,0,0,3,0,0,0,2,0,0,2,1,0,0,0,1,0
545,0,0,0,0,0,0,2,0,0,0,0,1,0,1,0,0
546,0,1,0,0,0,0,0,1,0,0,1,1,0,2,0,0
547,0,1,0,0,0,0,0,0,0,1,0,0,0,1,0,1
548,0,0,0,1,0,0,0,0,0,1,0,0,0,0,0,0
550,1,0,0,1,0,0,3,0,0,1,1,0,0,0,0,1
551,0,0,0,1,0,0,3,0,0,3,0,0,0,0,0,0
552,0,0,0,0,0,0,3,0,0,0,1,0,0,0,0,0
553,0,1,0,0,0,2,0,0,0,0,0,0,0,1,0,0
554,0,0,1,2,0,1,1,1,3,1,1,1,2,3,0,0
555,0,0,0,0,0,0,1,0,0,0,2,1,0,2,0,0
556,1,0,0,0,0,0,2,0,0,0,0,1,0,0,0,2
557,0,0,0,1,0,0,1,1,1,0,2,0,1,0,0,3
558,0,0,0,1,0,1,0,0,0,0,0,0,0,1,0,2
559,0,0,0,1,0,6,0,1,0,1,3,0,0,2,0,2
560,0,0,0,0,0,1,2,0,0,1,0,0,0,0,0,0
561,0,0,0,0,0,2,0,0,0,0,0,0,0,0,0,3
562,0,0,0,0,0,1,0,1,0,0,3,0,0,1,0,11
563,0,0,1,0,0,0,3,0,0,0,0,0,0,0,0,7
564,0,0,0,0,0,3,0,0,0,0,2,0,0,1,0,0
565,0,1,0,0,0,2,1,0,0,0,0,0,1,2,0,0
566,0,0,0,1,0,0,1,0,0,0,1,1,0,2,0,0
567,0,0,0,0,0,1,2,0,0,1,1,0,0,2,0,0
568,0,0,0,0,0,1,1,1,0,0,1,1,0,1,0,0
569,0,1,0,3,0,0,2,0,0,3,0,0,0,0,0,1
570,0,0,0,0,0,2,1,1,0,0,1,2,0,2,0,1
571,0,0,0,3,0,0,1,0,0,0,2,0,0,0,0,0
572,0,0,0,1,0,0,1,0,0,4,0,0,1,1,0,15
573,0,0,0,0,0,0,1,0,0,0,0,0,0,0,0,0
574,0,0,0,0,0,1,1,0,0,0,1,0,0,2,0,1
575,0,0,0,1,0,0,1,0,1,0,0,1,0,0,0,0
576,0,0,0,0,0,0,1,0,0,0,3,0,0,3,0,0
577,0,0,0,2,0,1,4,0,0,1,3,1,0,3,0,0
578,0,0,0,0,0,0,0,0,0,0,0,0,0,1,1,2
579,0,0,0,0,0,0,1,1,0,1,2,0,0,3,0,1
580,0,0,0,0,0,1,4,0,0,0,0,0,0,0,0,0
581,0,0,0,0,0,0,0,0,0,0,0,0,0,1,0,0
582,0,1,0,1,0,0,1,0,0,0,0,0,0,0,0,0
583,0,0,0,0,0,0,1,0,0,0,1,0,0,1,0,1
584,0,0,0,0,0,0,0,1,0,0,0,0,0,2,0,1
585,0,0,0,1,0,0,0,0,0,0,0,0,1,1,0,0
586,0,0,0,0,0,0,0,0,0,1,0,0,0,0,0,0
587,0,0,0,0,0,0,1,1,0,0,0,0,0,1,0,1
588,0,0,0,3,0,0,0,0,0,0,1,1,0,3,0,0
589,0,0,0,0,0,2,2,0,0,0,1,0,0,0,0,0
590,1,1,0,2,0,0,1,0,0,1,2,0,1,5,0,0
591,0,0,0,3,0,2,4,0,0,0,0,0,0,1,2,0
592,0,0,1,2,0,1,2,0,0,3,0,0,0,0,0,0
593,0,0,0,0,0,0,4,0,0,1,2,0,0,2,0,1
594,1,0,0,0,0,0,1,0,0,0,1,0,0,2,0,0
595,0,0,0,1,0,0,3,0,0,0,0,1,1,0,0,0
596,1,0,0,0,0,1,1,0,0,0,0,0,0,0,0,1
597,0,0,0,0,0,0,2,0,0,2,0,0,0,4,0,0
598,0,0,0,1,0,0,2,0,0,2,0,0,0,2,0,0
599,0,0,0,0,0,0,1,1,0,2,2,1,1,1,0,0
600,0,0,0,1,0,1,0,0,0,0,1,0,0,2,0,0
601,0,0,0,1,0,3,3,0,0,1,1,0,0,0,0,1
602,0,0,0,0,0,0,1,1,0,0,3,0,0,2,1,1
603,0,0,0,0,0,0,1,0,0,0,1,0,0,0,0,0
604,2,0,0,0,0,1,0,1,0,1,1,1,0,3,0,0
605,0,0,0,0,1,0,0,0,0,0,1,0,0,0,0,0
606,0,0,0,1,0,0,5,0,0,1,1,1,1,0,0,0
607,0,0,0,1,0,1,2,0,1,2,0,0,0,1,0,0
608,0,0,0,0,0,0,2,1,0,0,3,1,0,0,0,0
609,0,0,0,0,0,0,0,0,0,1,0,0,0,1,0,0
610,0,0,0,2,0,0,4,0,0,0,1,0,0,1,0,1
611,0,0,0,0,0,0,2,0,0,0,2,0,1,0,0,0
612,0,0,0,0,0,1,1,0,0,0,1,0,0,2,0,1
613,0,0,0,0,0,0,0,0,0,1,2,0,0,1,0,0
614,0,0,0,3,0,0,0,0,0,0,1,0,2,0,0,0
615,0,0,0,0,0,0,0,0,1,1,0,0,0,1,0,0
616,0,2,0,0,0,0,0,0,0,0,1,1,0,1,0,0
617,0,0,0,5,0,1,3,2,0,2,0,0,0,0,0,0
618,0,0,0,0,0,1,1,0,0,0,0,0,1,2,0,1
619,0,0,0,0,0,0,1,0,0,0,1,0,0,2,0,0
620,0,1,0,0,0,1,1,0,0,0,0,0,0,1,0,0
621,0,0,0,0,0,1,1,2,0,3,1,0,0,1,0,1
622,0,0,0,2,0,0,1,0,0,1,2,0,0,0,0,0
623,0,0,0,0,0,0,2,0,0,0,0,0,0,0,0,6
624,0,0,0,0,0,0,1,0,0,0,1,0,1,0,0,1
625,0,0,0,0,0,0,0,0,0,1,0,1,0,0,0,0
626,0,1,0,0,0,0,1,0,0,0,0,0,0,1,0,7
627,0,0,0,0,0,0,0,1,0,0,0,2,0,1,0,0
628,0,0,0,0,0,0,0,0,0,0,0,0,0,1,0,0
629,0,0,0,1,0,0,0,0,0,0,0,0,0,4,1,0
630,1,0,0,5,0,0,1,0,0,0,2,1,2,4,0,0
631,0,0,0,0,0,1,1,1,0,0,0,0,0,1,0,1
632,0,0,0,0,0,0,0,0,0,0,2,0,0,0,0,0
633,0,0,0,1,0,0,0,0,0,1,0,0,0,1,0,0
634,0,0,0,0,0,2,0,0,0,0,1,0,0,3,0,0
635,0,1,0,0,0,0,0,0,0,3,2,0,0,1,0,0
636,0,0,0,1,0,0,2,0,0,1,0,0,0,1,0,1
637,0,0,0,0,0,1,0,1,0,2,2,0,0,0,0,0
638,0,0,0,0,0,0,2,0,0,1,1,0,0,2,0,0
639,0,0,0,1,0,0,0,0,0,1,0,0,0,0,0,0
640,0,0,0,0,0,0,1,0,0,2,1,0,0,0,0,0
641,0,1,0,2,0,0,2,0,0,1,0,0,0,0,0,1
642,0,0,0,0,0,0,1,0,0,1,0,1,0,0,0,0
644,0,0,0,2,0,1,4,0,0,1,1,0,0,1,0,6
645,0,0,0,0,0,0,0,0,0,0,0,0,0,1,0,0
646,0,0,0,1,0,0,0,0,0,0,2,0,0,0,0,0
647,0,0,0,0,0,0,1,0,0,0,0,0,0,0,0,1
648,0,0,0,2,0,1,1,0,0,0,4,1,0,1,0,1
649,0,0,0,1,0,0,0,0,0,2,0,1,0,1,0,1
650,0,0,0,0,1,1,0,0,0,0,0,0,0,2,0,0
651,0,0,1,0,0,0,0,0,0,0,1,0,0,0,0,0
652,0,0,0,0,0,0,5,0,0,1,1,0,0,1,0,0
653,0,0,0,0,0,0,0,0,0,1,0,1,0,1,0,1
654,0,0,0,1,0,2,0,2,0,1,2,0,0,0,0,1
655,0,0,0,0,0,0,3,0,0,0,1,0,0,0,0,1
656,0,0,0,0,0,0,0,0,0,0,0,0,0,0,0,3
657,0,0,0,1,0,0,0,0,0,0,1,0,0,0,0,0
658,0,0,1,0,0,0,1,0,0,1,1,0,0,2,0,0
659,0,0,0,0,0,0,0,0,0,1,1,0,0,1,0,0
660,0,0,0,1,0,0,3,2,0,2,1,1,0,1,0,0
661,0,0,0,0,0,1,1,0,0,0,1,0,0,0,0,0
662,0,0,0,0,0,0,2,0,0,1,0,0,1,0,0,0
663,0,0,1,2,0,0,0,0,0,1,1,0,0,2,0,0
664,0,0,0,0,0,0,2,0,0,1,1,0,0,0,0,1
665,0,0,0,2,0,1,0,0,0,1,0,0,0,0,0,7
666,0,1,0,0,0,0,2,0,0,0,0,0,0,1,0,0
667,0,0,0,0,0,0,4,0,0,0,0,0,0,0,0,0
668,0,0,0,0,0,1,1,0,0,1,1,0,0,1,0,2
669,0,0,0,0,0,1,2,0,0,1,0,0,0,1,0,0
670,0,0,0,0,0,1,1,0,0,1,0,0,0,2,0,0
671,0,0,0,0,0,0,1,0,0,0,1,1,0,0,0,1
672,0,0,0,0,0,0,2,0,0,1,0,0,0,1,0,2
673,0,0,0,0,0,0,0,0,0,0,0,0,1,2,0,0
674,0,1,0,0,0,2,0,0,0,1,0,0,0,1,0,0
675,1,0,0,0,0,1,0,1,0,0,1,0,0,1,0,0
676,0,0,0,0,0,1,5,0,0,1,1,0,0,0,0,3
677,0,0,0,0,0,0,0,0,0,0,0,0,0,1,0,0
678,0,0,0,2,0,1,0,0,0,1,0,0,0,3,0,0
679,0,0,0,0,0,0,2,0,0,0,2,0,0,3,0,1
680,0,1,0,0,0,2,0,0,0,1,2,0,0,2,0,0
681,1,0,0,1,0,0,4,0,0,3,2,0,1,0,0,1
682,0,0,0,0,0,0,1,0,0,0,1,0,0,1,0,3
683,0,1,1,0,0,0,0,0,0,0,0,0,0,0,0,0
684,0,0,0,0,0,0,1,0,0,1,0,0,0,0,0,0
685,0,1,0,0,0,0,2,1,0,2,0,0,0,0,0,0
686,1,0,0,0,0,3,4,0,0,0,0,0,0,2,0,3
687,0,0,0,0,0,0,1,0,0,0,0,0,0,0,0,0
688,0,0,0,2,0,1,5,0,0,1,0,0,0,0,0,1
689,1,0,0,0,0,0,4,0,0,0,3,0,0,1,0,0
690,0,0,0,0,0,1,1,0,0,0,0,0,0,2,0,3
691,0,0,0,0,0,3,0,0,0,0,1,2,0,1,0,1
692,0,0,0,0,0,0,2,1,0,0,0,0,0,0,0,1
693,0,0,0,0,0,0,1,0,0,0,0,0,0,1,0,0
694,0,0,0,0,0,1,0,0,0,0,0,2,0,0,0,0
695,0,0,0,0,0,1,1,1,0,1,2,0,0,0,0,2
696,0,0,0,1,0,0,0,0,0,2,1,0,2,0,0,0
697,0,0,0,1,0,0,0,0,0,0,0,0,0,1,0,0
698,0,0,0,0,1,0,3,0,0,0,3,1,0,1,0,1
699,0,0,0,0,0,1,1,1,1,0,0,0,1,0,0,4
700,1,0,0,0,0,1,1,1,0,0,2,0,0,1,0,5
701,0,0,0,0,0,0,2,0,0,0,0,0,0,1,0,1
702,0,0,0,0,0,0,2,0,0,0,0,0,0,1,0,0
703,0,0,0,2,0,0,0,0,0,0,0,0,0,3,0,0
704,0,0,0,0,0,0,1,0,0,0,0,0,0,0,1,0
705,0,0,0,0,0,0,2,0,0,2,0,0,0,0,0,0
706,0,0,0,1,0,0,0,1,0,1,1,0,0,0,0,0
707,0,0,0,0,0,0,0,0,0,0,0,1,0,2,0,0
708,0,0,0,0,0,0,0,0,0,0,0,0,0,2,0,3
709,0,0,0,0,0,1,3,0,0,1,0,0,0,0,0,0
710,0,0,0,1,0,1,2,0,0,0,2,0,0,1,0,0
711,0,0,0,1,0,0,1,1,0,2,0,0,0,0,0,0
712,0,0,0,0,0,0,1,0,0,0,2,0,0,2,0,1
713,1,0,0,0,0,3,8,0,0,2,0,0,1,0,0,0
714,0,0,0,1,0,0,1,0,0,2,1,0,0,0,0,0
715,0,0,0,2,0,4,0,0,0,1,2,0,1,1,0,0
716,1,0,0,0,0,0,0,0,1,0,1,0,0,0,0,0
717,0,0,0,0,0,0,0,0,0,0,0,0,0,1,0,0
718,0,0,0,0,0,0,2,0,0,0,1,0,0,0,0,0
719,0,0,0,0,0,0,0,0,0,0,1,0,1,0,1,0
720,0,0,0,1,0,0,0,0,0,1,1,0,1,0,1,0
721,0,1,0,0,0,0,1,0,0,0,2,0,0,2,0,0
722,0,0,0,2,0,2,0,0,0,0,0,0,0,3,0,0
723,0,1,0,0,0,0,2,0,0,1,0,2,0,2,0,0
724,0,0,1,2,0,0,1,1,0,1,0,0,0,2,0,0
725,1,0,0,0,0,0,1,0,0,1,0,0,0,1,0,0
726,2,0,0,2,0,1,1,0,0,3,2,0,0,0,0,5
727,0,1,0,0,0,2,0,0,0,0,0,0,0,1,0,2
728,0,0,0,0,0,1,0,1,0,0,1,0,0,0,0,2
729,0,0,0,1,0,0,2,0,0,1,0,0,0,2,1,0
730,0,0,0,8,0,0,2,1,0,0,0,0,0,0,0,2
731,0,1,0,0,0,0,0,0,0,0,0,0,0,4,0,4
732,0,0,0,0,0,0,1,0,0,0,0,0,0,2,0,0
733,0,0,0,0,0,0,1,0,0,0,0,0,0,1,0,1
734,0,0,0,1,0,0,1,0,0,2,0,0,0,0,0,0
735,0,0,0,0,0,0,1,0,0,0,0,1,0,0,0,3
736,0,0,0,0,0,0,1,1,0,2,0,0,0,0,0,0
737,0,0,0,0,0,0,3,1,0,1,0,0,0,0,0,0
738,0,0,0,4,0,0,0,0,0,2,3,0,0,5,0,0
739,0,0,0,2,0,1,2,0,0,0,1,0,0,2,0,1
740,0,0,0,0,0,0,2,0,0,1,0,0,0,0,0,3
741,0,0,0,0,0,0,2,0,0,0,1,0,0,2,0,0
742,1,0,0,0,0,0,2,0,0,1,1,0,0,0,0,1
743,0,0,0,0,0,2,1,0,0,0,0,0,0,1,0,0
744,0,0,0,0,0,1,4,0,0,0,1,0,3,1,0,2
745,0,0,0,0,0,0,1,0,0,0,0,0,0,0,0,0
746,0,0,0,0,0,0,1,0,0,2,1,0,0,0,0,0
747,0,0,0,1,0,1,0,0,0,3,1,0,0,0,0,0
748,0,0,0,0,0,4,0,0,2,2,1,0,0,1,0,0
749,0,0,0,0,0,1,0,0,0,2,0,0,0,2,0,2
750,0,0,0,0,0,0,1,0,0,0,0,0,0,2,0,0
751,0,0,0,0,0,1,1,1,0,0,0,0,0,1,0,0
752,0,0,0,0,0,0,4,1,0,0,0,0,0,2,0,0
753,0,0,0,0,0,1,1,0,0,0,0,0,0,1,0,1
754,0,0,0,2,0,0,1,0,0,0,0,0,0,1,0,0
755,0,0,0,0,0,1,1,0,0,0,1,0,0,2,0,0
756,0,0,0,0,1,0,1,0,0,3,1,0,0,1,1,0
757,0,0,0,0,0,0,0,0,0,0,0,0,0,0,0,1
758,0,0,0,0,0,2,1,0,0,2,2,0,2,1,0,0
759,0,1,0,0,0,0,0,0,0,0,1,0,0,2,0,0
760,0,0,0,2,0,0,5,0,0,0,0,1,0,0,0,0
761,0,0,0,2,0,1,3,0,0,4,2,0,0,5,0,0
762,0,0,0,1,0,0,2,0,0,1,1,0,0,0,0,1
763,0,0,0,0,0,0,0,0,0,0,0,0,0,2,0,0
764,0,0,0,0,0,0,0,0,0,1,0,0,0,0,0,0
765,1,0,0,2,0,1,1,0,0,0,0,0,0,2,0,5
766,0,1,0,0,0,0,0,1,0,1,2,0,2,1,0,1
767,0,0,0,0,0,0,0,0,0,0,0,0,0,0,0,1
768,0,0,0,6,0,0,2,0,0,0,0,0,0,0,0,2
769,0,0,0,0,0,1,0,0,0,0,0,0,0,1,0,0
770,0,0,0,0,0,0,0,0,0,1,0,0,0,0,0,0
771,0,0,0,0,0,0,1,0,0,1,0,0,0,0,0,0
772,0,0,0,0,0,0,1,0,0,0,1,0,1,0,0,0
773,0,1,0,0,0,0,1,0,0,1,0,3,0,2,0,0
774,0,0,0,0,0,0,0,0,0,1,2,0,0,0,0,0
775,0,0,0,2,0,1,1,0,0,0,0,0,1,2,0,7
776,0,0,0,0,0,0,1,0,0,0,2,1,0,1,0,0
777,0,0,0,0,0,0,1,0,0,0,1,0,0,1,0,0
778,0,0,0,1,0,1,2,0,0,1,3,0,0,2,0,9
779,0,1,0,0,0,2,0,0,0,0,0,1,0,2,0,0
780,0,2,0,0,0,1,1,0,0,2,0,0,0,1,0,2
781,0,0,0,0,0,3,0,0,0,1,0,0,0,0,0,2
782,1,0,0,0,0,3,1,1,1,0,1,0,0,1,0,2
783,0,0,0,2,0,1,1,0,0,1,0,0,0,0,0,2
784,1,0,0,0,0,0,0,0,0,0,2,0,0,1,1,0
785,0,0,0,0,0,0,0,0,0,1,1,1,0,3,0,2
786,0,0,0,2,0,1,3,0,0,0,0,0,1,0,0,2
787,0,0,0,1,0,3,4,0,0,4,0,0,0,0,0,14
788,0,0,0,0,0,0,1,0,0,0,0,0,0,1,0,4
789,0,0,0,0,0,0,0,0,0,0,0,0,0,0,0,4
790,0,0,2,0,0,1,2,0,0,0,0,0,0,0,0,0
791,0,0,0,0,0,0,0,0,0,0,3,0,0,2,0,0
792,0,1,0,0,0,0,1,0,0,0,0,0,0,2,0,3
793,0,0,1,0,0,0,4,1,0,1,0,0,0,3,0,0
794,0,0,0,0,0,0,0,0,0,0,2,0,0,0,0,2
795,0,0,0,0,0,0,2,1,0,0,0,1,0,2,0,2
796,0,0,0,0,0,0,3,0,0,1,0,0,0,3,0,0
797,0,0,0,1,0,0,0,0,0,0,0,0,0,0,0,2
798,0,1,0,0,0,0,0,0,0,1,0,1,0,1,0,0
799,0,0,0,0,0,1,0,0,0,2,1,1,0,3,0,1
800,0,0,1,0,0,0,0,0,0,0,0,0,0,1,0,0
801,0,1,0,0,0,0,1,0,0,1,1,0,0,2,0,0
802,0,0,0,0,0,0,2,0,0,4,0,0,0,2,0,1
803,0,1,0,0,0,0,2,0,0,1,3,1,0,1,0,0
804,0,0,0,1,0,0,0,0,0,1,1,0,1,2,0,0
805,0,0,0,0,0,0,3,0,0,0,1,0,0,0,0,4
806,1,0,0,0,0,0,2,1,0,0,1,1,1,0,0,7
807,0,0,0,0,0,0,0,0,0,1,0,0,0,0,0,0
808,0,0,0,0,0,0,3,0,0,0,0,0,0,1,0,0
809,0,0,0,1,0,0,1,0,0,1,1,0,0,3,0,0
810,0,0,0,0,0,0,0,0,0,0,2,0,0,2,1,1
811,0,0,0,1,0,3,0,0,0,2,0,0,0,0,0,0
812,0,0,0,1,0,0,1,0,0,2,0,0,0,0,0,0
813,0,0,0,0,0,1,4,0,0,2,0,0,0,1,0,0
814,0,0,0,1,0,0,4,0,0,0,3,0,1,1,0,0
815,0,0,3,0,0,0,3,0,0,1,0,0,1,2,0,11
816,0,0,0,0,0,1,0,0,0,1,0,1,0,0,0,0
817,0,0,0,0,0,0,1,0,0,2,2,0,0,0,0,2
818,0,0,0,0,0,1,0,1,0,1,1,1,0,2,0,4
819,0,0,0,1,0,0,3,0,0,2,1,0,0,1,0,2
820,0,0,0,0,0,0,1,0,0,0,1,0,0,5,0,4
821,0,0,0,3,0,0,2,0,0,1,2,1,0,2,0,1
822,0,0,0,0,0,1,3,0,0,1,0,0,0,3,0,0
823,1,0,0,1,0,0,0,0,0,2,0,0,0,1,0,2
824,0,0,0,0,0,1,1,0,0,5,0,0,0,0,0,0
825,0,0,0,0,0,0,1,0,0,0,1,0,0,1,0,4
826,0,0,0,2,0,0,0,0,0,0,0,0,0,0,0,0
827,0,0,0,0,0,0,0,0,0,1,0,0,0,0,0,4
828,0,0,0,0,0,0,1,0,0,0,2,0,0,0,0,0
829,1,0,0,0,0,0,2,0,0,0,0,0,0,0,0,3
830,0,0,0,0,0,1,0,0,0,0,1,1,0,1,0,1
831,1,0,0,1,0,0,3,0,0,1,2,0,0,0,0,6
832,0,0,1,2,0,0,1,0,0,1,0,0,0,0,0,1
833,0,0,0,2,0,0,1,0,0,1,0,0,0,1,0,2
834,0,1,0,2,0,2,0,0,0,0,1,0,0,0,0,0
835,0,0,0,2,0,0,1,0,0,0,0,1,0,2,0,2
836,0,1,0,0,0,0,0,0,0,0,1,0,0,0,0,3
837,0,0,0,0,0,0,0,0,0,0,0,0,0,0,0,9
838,0,1,0,0,0,2,0,0,0,3,0,0,0,0,0,1
839,0,0,0,1,0,1,3,0,0,2,1,2,0,1,0,0
840,0,0,0,0,0,1,1,0,0,1,1,0,0,3,0,0
841,0,0,0,0,0,0,0,0,0,0,0,0,0,0,0,1
842,0,0,0,1,0,6,1,0,0,2,2,0,1,3,0,0
843,0,0,0,0,0,2,0,0,0,0,1,0,0,2,0,0
845,0,0,0,1,0,1,4,0,0,1,0,0,0,0,0,1
846,0,0,0,0,0,0,3,0,0,1,1,0,0,2,0,0
847,1,0,0,2,0,0,2,0,0,0,1,0,1,0,0,1
848,0,0,0,1,0,2,3,1,0,5,0,0,0,0,0,4
849,0,0,0,0,0,1,1,0,0,1,0,0,0,3,0,0
850,0,0,0,0,0,1,3,0,0,2,2,0,0,0,0,0
851,0,0,0,0,0,0,3,0,0,0,0,0,0,0,0,0
852,0,0,0,0,0,0,3,0,0,0,0,0,0,1,0,0
853,0,0,0,0,0,0,1,0,0,0,0,0,1,2,0,1
854,0,0,0,1,0,0,0,0,0,2,1,0,0,0,0,0
855,0,1,0,0,0,1,1,0,0,1,2,0,0,1,0,2
856,2,0,0,0,0,0,1,0,0,0,0,1,0,3,0,0
857,0,0,0,0,0,1,1,1,0,0,2,0,0,3,0,0
858,0,0,0,0,0,1,1,0,0,0,1,1,0,0,0,0
859,0,0,0,0,0,0,0,0,0,0,0,0,0,1,0,0
860,0,0,0,0,0,0,4,0,0,0,1,0,3,1,0,3
861,0,0,0,0,0,1,3,0,0,0,1,0,0,0,0,0
862,1,0,0,0,0,0,6,1,0,0,0,0,1,0,0,0
863,0,0,0,0,0,0,0,0,0,0,0,0,0,0,0,2
864,0,0,0,0,0,0,1,0,0,0,1,1,0,0,0,2
865,0,0,0,0,0,0,0,1,0,1,2,0,0,1,0,1
866,0,0,0,2,0,0,0,1,0,0,0,0,0,0,0,0
867,0,0,0,1,0,0,0,0,0,0,1,0,0,1,0,0
868,0,1,0,0,0,0,2,0,0,3,1,0,0,1,1,0
869,1,0,0,1,0,1,0,0,1,2,2,1,0,4,0,0
871,0,0,0,0,0,1,2,0,0,1,1,0,0,3,0,1
872,0,0,0,0,0,1,0,0,1,0,1,0,0,0,0,0
873,0,0,0,0,0,1,1,1,0,1,1,1,0,2,0,0
874,0,0,0,1,0,1,4,0,0,0,0,0,0,1,0,2
875,0,0,0,0,0,0,1,0,0,0,0,0,0,0,0,6
876,0,0,0,0,0,0,0,1,0,2,0,1,0,1,0,0
877,0,0,0,1,0,1,2,0,0,1,2,1,2,3,0,0
878,0,1,1,1,0,0,1,0,0,0,3,0,3,1,0,0
879,0,0,1,0,0,0,3,0,0,0,0,0,0,0,0,0
880,0,0,0,0,0,3,2,0,0,0,2,0,0,0,0,1
881,0,0,0,0,0,0,1,0,0,2,1,0,0,1,0,0
882,0,1,0,0,0,0,0,0,0,1,0,0,0,2,0,0
883,0,0,0,0,1,0,2,0,0,3,0,0,0,2,0,0
884,0,0,0,0,0,0,0,0,0,2,0,0,1,2,0,0
885,0,0,0,5,0,1,8,0,2,0,0,1,1,0,0,8
886,0,0,0,0,0,1,0,0,0,2,1,0,0,1,0,5
887,0,0,0,0,0,1,0,0,0,0,1,0,0,1,0,0
888,0,0,0,2,0,0,0,0,0,0,1,0,0,1,0,0
889,0,0,0,1,0,0,4,0,0,0,1,0,0,1,0,0
890,0,0,0,0,0,1,1,0,0,1,0,0,0,1,0,0
891,0,0,0,0,0,0,0,0,0,0,1,0,0,4,0,0
892,0,0,0,1,0,0,0,1,0,0,0,0,0,0,0,0
893,0,0,0,1,0,0,1,0,0,0,1,0,0,0,0,0
894,0,0,0,1,0,0,2,0,0,1,0,0,0,1,0,0
895,0,0,0,0,0,0,2,0,0,0,0,0,0,2,0,1
896,0,0,0,0,0,0,2,0,0,0,2,0,0,1,0,0
897,0,0,0,2,0,1,4,0,0,1,0,0,0,0,0,2
898,1,0,0,0,0,0,1,0,0,0,0,1,0,0,0,1
899,0,0,0,0,0,0,1,0,0,1,0,0,0,0,0,0
900,0,0,0,0,0,0,1,0,0,0,0,1,0,1,0,1
901,0,0,0,0,0,0,1,0,0,2,1,0,0,0,0,0
902,0,1,0,0,0,1,1,0,0,0,2,1,0,1,0,1
903,0,0,0,3,0,1,1,0,0,0,2,0,0,4,0,0
904,0,0,0,0,0,0,0,0,0,0,0,0,0,2,0,1
905,0,0,0,0,0,0,0,0,0,0,2,1,0,0,0,0
906,0,1,0,0,0,0,0,0,0,0,1,0,0,6,0,1
907,0,0,0,0,0,0,0,0,0,0,0,0,0,1,0,0
908,0,0,0,0,0,0,2,0,0,0,0,1,0,0,0,1
909,0,0,0,0,0,1,0,0,0,1,0,0,0,1,0,0
910,0,0,0,1,1,0,0,0,0,1,1,1,0,3,0,0
911,0,0,0,0,0,0,0,0,0,0,1,0,0,0,0,0
912,0,0,0,0,0,0,0,0,0,2,0,1,0,0,0,4
913,0,0,0,0,0,1,0,0,0,2,2,0,0,1,0,0
914,0,0,0,1,0,1,0,0,0,1,0,0,0,0,0,1
915,0,0,0,0,0,0,0,0,0,2,1,0,0,0,0,6
916,0,0,0,0,0,0,1,1,0,2,0,1,0,0,1,0
917,0,0,0,0,0,0,0,0,0,0,0,2,0,2,0,0
918,1,0,0,0,0,0,0,0,0,0,0,0,0,0,0,0
919,0,0,0,0,0,0,1,0,0,0,4,0,0,2,0,1
920,0,0,0,0,0,0,2,0,0,0,1,0,0,0,0,0
921,0,0,0,1,0,0,0,0,0,0,1,0,0,1,0,0
922,0,0,0,0,0,0,0,0,0,0,3,0,0,0,0,0
923,1,0,0,1,0,1,0,0,0,2,3,2,1,2,0,1
924,0,0,0,1,0,0,0,0,0,0,2,0,0,2,0,0
925,0,0,0,0,0,0,0,0,0,0,0,2,0,1,0,0
926,0,0,0,0,0,0,0,0,0,0,1,0,0,0,0,0
927,0,1,0,0,0,0,0,0,0,0,4,0,0,1,0,0
928,0,0,1,0,0,0,0,0,0,2,1,1,0,0,0,0
929,0,0,1,0,0,0,0,0,0,0,0,0,0,0,0,0
930,0,0,0,0,0,0,1,0,0,1,0,1,0,2,0,0
931,0,0,0,1,0,0,1,2,0,1,2,0,0,2,0,0
932,0,0,0,0,0,1,2,0,0,1,1,0,0,1,0,0
933,0,0,0,0,0,0,1,0,0,1,1,1,0,0,0,0
934,0,0,0,0,0,1,0,0,0,1,0,0,0,0,0,0
935,0,0,0,0,0,0,1,2,0,0,2,0,0,1,0,0
936,0,0,0,0,0,0,2,0,0,0,0,0,0,0,0,0
937,2,0,0,0,0,1,1,0,0,0,2,0,0,0,0,2
938,0,0,2,1,0,0,1,0,0,0,1,0,1,4,0,2
939,0,0,0,0,0,1,0,1,0,0,1,0,0,0,0,0
940,0,0,2,0,0,0,1,0,0,0,0,0,0,0,0,0
941,0,0,1,0,0,0,2,0,0,0,2,1,0,0,0,5
942,0,0,1,0,0,0,0,0,0,0,2,0,0,0,0,0
943,0,0,2,0,0,1,2,0,0,3,0,0,0,3,0,3
944,0,1,1,0,0,0,0,0,1,1,0,1,0,0,0,1
945,0,0,0,0,0,0,1,0,0,1,0,0,0,0,0,0
946,0,0,0,0,0,0,1,0,0,0,3,0,0,1,0,0
947,0,0,0,1,0,0,0,0,0,2,1,0,0,0,0,0
948,0,0,0,0,0,0,1,0,0,0,1,0,0,1,0,0
949,1,0,0,1,0,1,2,1,0,3,0,0,0,2,0,5
950,0,0,0,0,0,1,1,0,0,0,0,0,0,0,0,0
951,0,0,0,0,0,0,0,0,0,0,0,0,0,0,0,1
952,0,1,0,0,0,0,0,0,0,0,0,0,0,2,0,0
953,0,0,2,1,0,0,0,0,0,0,0,0,0,0,0,0
954,1,0,0,1,0,0,1,1,0,0,0,0,0,1,0,3
955,0,0,0,0,0,0,0,0,0,0,2,0,0,3,1,1
956,0,0,0,0,0,2,0,0,0,0,0,0,0,2,0,0
957,0,0,0,0,0,1,1,0,0,2,3,0,0,0,0,4
958,0,0,0,0,0,0,2,1,0,0,1,0,0,2,1,0
959,0,1,0,0,0,1,1,1,0,1,0,1,0,0,0,0
960,0,0,1,0,0,0,1,0,0,0,1,1,0,0,0,0
961,0,0,0,0,0,0,0,1,0,0,3,0,0,0,0,0
962,0,0,0,0,0,0,0,0,0,1,0,0,0,1,0,2
963,0,0,0,0,0,2,0,0,0,0,0,1,0,0,0,0
964,0,0,0,1,0,0,1,0,0,1,1,0,0,0,1,0
965,0,1,0,0,0,1,1,0,0,0,1,1,0,0,0,0
966,0,0,0,1,0,1,1,0,0,4,0,0,0,1,0,1
967,0,0,0,2,0,1,0,1,0,2,0,0,0,1,0,0
968,0,0,0,0,0,1,0,0,0,0,1,0,0,1,0,0
969,0,0,0,0,0,1,3,0,0,1,1,0,0,2,0,0
970,0,0,0,0,0,0,0,0,0,0,4,0,0,1,0,0
971,0,0,0,0,0,7,0,1,0,2,1,0,0,3,0,0
972,0,0,0,0,0,4,0,0,0,0,1,0,0,2,0,0
973,0,0,0,1,0,1,0,3,0,1,0,0,2,1,0,13
974,0,1,0,0,0,1,0,1,0,0,1,1,0,2,0,1
975,0,0,0,1,0,0,0,0,0,0,1,1,0,2,0,1
976,0,0,0,3,0,0,1,0,0,0,0,0,0,1,1,0
977,0,0,0,2,0,0,0,0,1,0,2,0,0,0,3,0
978,0,0,0,0,0,0,0,0,0,1,1,2,0,0,0,0
979,0,2,0,0,0,0,1,0,0,0,1,0,0,3,0,1
980,0,0,0,0,0,0,0,0,0,2,1,0,0,1,1,1
981,0,0,0,0,0,1,0,0,0,1,0,0,0,1,0,0
982,0,0,0,0,1,0,1,1,0,2,0,0,0,1,0,0
983,0,0,0,0,0,0,1,2,0,0,0,0,0,0,0,0
984,0,0,0,0,0,0,0,2,0,3,0,0,0,0,0,0
985,1,0,0,0,0,0,0,0,0,0,1,0,0,0,0,0
986,1,0,0,0,0,0,1,0,0,0,1,0,0,2,0,0
987,0,0,0,0,0,0,2,0,0,2,1,0,0,0,0,1
988,0,0,0,0,0,0,1,0,0,0,0,0,0,0,0,0
989,0,0,0,0,0,0,0,0,0,1,0,0,0,0,0,0
990,0,0,0,0,0,0,0,0,0,1,1,0,0,0,0,1
991,0,0,0,0,0,0,2,0,0,0,0,0,1,3,0,1
992,0,0,0,0,0,0,0,0,0,1,0,1,0,2,0,1
993,0,0,0,0,0,1,1,1,0,1,0,0,0,0,0,0
994,0,0,0,1,0,0,0,0,0,1,0,0,0,3,0,0
995,0,0,0,1,0,0,1,0,0,0,1,0,0,0,0,0
996,0,0,0,3,0,0,1,0,0,2,0,0,1,0,0,1
997,0,0,0,2,0,0,1,1,0,0,1,0,0,1,0,0
998,0,0,0,0,0,0,2,0,0,0,1,1,0,0,0,0
999,0,0,0,1,0,0,1,0,0,0,0,0,0,0,0,2
1000,0,0,0,0,0,1,0,0,0,0,0,0,1,2,0,0
1001,0,1,0,1,0,0,1,0,0,0,1,0,0,2,0,0
1002,0,0,0,0,0,0,1,0,1,0,2,1,0,0,0,1
1003,0,1,0,0,0,0,0,0,0,0,0,0,0,1,0,0
1004,0,0,0,2,0,0,1,1,0,0,0,0,0,1,0,0
1005,0,0,0,0,0,0,1,0,0,0,2,0,0,1,0,0
1006,0,0,0,0,0,1,0,0,0,0,0,0,0,0,0,0
1007,0,0,0,0,0,0,1,0,0,0,2,0,0,3,0,4
1008,2,0,0,0,0,0,0,0,0,0,1,1,0,1,0,0
1009,0,0,0,0,0,0,1,0,0,3,2,1,0,0,0,0
1010,0,0,0,1,0,3,3,0,0,5,1,0,4,1,1,2
1011,0,0,0,0,0,1,1,0,0,0,0,0,0,0,0,0
1012,0,0,0,0,0,1,1,0,0,1,0,1,0,0,0,2
1013,0,0,0,0,0,1,0,0,1,0,1,0,1,0,0,1
1014,0,0,0,3,0,1,5,0,0,0,1,3,0,0,0,0
1015,0,0,0,0,0,1,1,0,0,0,0,0,1,2,0,8
1016,0,1,0,0,0,0,8,0,0,0,0,0,1,1,1,0
1017,0,0,0,0,0,0,0,1,0,2,0,0,0,0,0,1
1018,0,0,0,0,0,1,0,0,0,0,2,0,0,0,1,0
1019,0,0,1,1,0,0,1,3,0,1,2,0,0,2,1,0
1020,0,0,0,1,0,1,0,0,0,0,0,0,0,0,0,0
1021,0,1,0,0,0,1,1,0,1,0,1,1,0,2,0,0
1022,0,0,0,0,0,2,0,0,0,0,2,0,0,3,0,0
1023,0,0,0,0,0,2,0,0,0,0,1,0,0,2,0,1
1024,0,0,0,0,0,2,3,0,0,0,2,0,0,2,0,1
1025,0,1,0,0,0,3,0,0,0,1,0,1,0,0,0,3
1026,0,0,0,0,0,1,0,0,0,0,2,0,0,2,0,0
1027,0,0,1,0,0,0,2,0,0,2,0,0,0,1,0,0
1028,0,0,0,0,0,1,0,0,0,0,1,0,0,1,0,0
1029,0,0,0,0,0,1,0,0,1,1,2,0,0,1,0,0
1030,0,1,0,0,0,1,2,0,0,0,0,0,0,2,0,2
1031,1,1,0,0,0,2,1,1,0,2,5,0,1,2,0,6
1032,1,0,0,0,0,0,1,0,0,0,1,0,0,0,0,0
1033,0,0,0,0,0,1,0,0,0,0,0,0,0,1,0,0
1034,0,0,0,0,0,0,0,0,0,0,1,0,0,1,0,0
1035,0,0,0,0,0,3,2,1,1,1,2,0,0,0,0,0
1036,0,0,0,0,0,0,1,1,0,0,0,0,0,1,0,0
1037,0,0,0,0,0,2,0,1,0,0,1,0,2,1,0,2
1038,0,0,0,0,0,0,1,0,0,0,0,0,0,1,0,0
1039,0,0,0,0,0,0,1,0,0,1,1,0,1,0,0,1
1040,0,0,0,0,0,0,0,0,0,2,0,0,0,0,0,1
1041,0,0,0,0,0,1,1,0,0,0,3,0,0,1,0,0
1042,0,0,0,0,0,0,0,0,0,0,6,0,0,1,0,0
1043,1,0,0,0,0,0,0,0,0,0,0,1,0,0,0,1
1044,0,0,0,0,0,2,1,0,0,0,0,0,0,0,0,2
1045,0,0,0,0,0,0,0,0,0,0,1,0,1,1,0,0
1046,0,0,0,0,0,0,1,0,0,1,0,1,0,1,0,0
1047,0,0,0,0,0,0,4,0,0,1,0,0,0,0,0,0
1048,0,0,0,0,0,0,2,0,0,0,1,0,2,0,0,0
1049,0,0,0,0,0,0,0,1,0,1,0,0,0,1,0,0
1050,0,0,0,0,0,1,0,0,0,0,1,0,0,3,0,1
1051,0,0,0,0,0,1,1,0,0,2,1,0,0,7,0,1
1052,0,0,0,0,0,1,1,0,0,0,1,0,0,1,0,0
1053,0,0,0,0,0,1,0,0,0,1,0,0,0,1,0,4
1054,0,0,0,1,0,1,0,0,0,2,0,0,0,0,0,2
1055,0,0,0,0,0,1,0,0,0,1,0,0,0,0,0,3
1056,0,0,0,0,0,0,2,1,0,0,2,0,0,0,0,0
1057,0,0,0,2,0,0,2,1,0,1,4,0,0,1,0,1
1058,0,0,0,1,0,1,1,0,0,2,4,0,0,0,0,1
1059,0,0,0,0,0,0,0,0,0,1,1,0,0,0,0,0
1060,0,0,0,0,0,0,0,0,0,0,2,0,0,3,1,1
1061,0,0,0,0,0,0,0,0,0,0,1,0,0,2,0,0
1062,0,0,0,1,0,0,2,0,0,1,1,0,1,1,0,0
1063,0,0,0,0,0,0,3,0,0,1,4,0,4,2,0,0
1064,0,0,0,1,0,1,0,0,0,2,1,0,0,2,0,0
1065,0,0,0,1,0,2,0,0,0,0,2,0,0,0,0,0
1066,0,0,0,0,0,0,0,0,0,0,1,0,0,0,0,0
1067,0,0,0,0,0,0,1,0,0,0,1,0,0,1,0,2
1068,0,0,0,0,0,0,2,0,0,1,0,0,0,2,0,0
1069,0,0,0,0,0,1,1,1,0,0,1,1,0,0,0,2
1070,0,0,0,0,0,0,2,0,0,0,2,1,0,1,0,0
1071,0,0,0,1,0,0,0,0,0,0,0,2,0,0,0,2
1072,0,0,0,0,0,0,1,0,0,0,0,0,0,1,0,2
1074,0,0,1,0,0,0,2,0,0,0,6,0,0,1,0,0
1075,0,0,0,0,0,0,0,0,0,3,2,1,0,0,0,0
1076,0,0,0,0,0,0,0,0,0,1,0,0,0,0,0,2
1077,0,1,0,0,0,0,1,0,0,1,1,0,0,0,0,0
1078,0,0,0,0,0,0,2,0,0,1,1,3,0,0,0,0
1079,0,0,0,0,0,1,0,0,0,0,0,0,0,1,0,6
1080,0,0,0,0,0,3,2,0,1,0,1,0,1,0,0,2
1081,0,0,0,0,0,0,1,1,0,1,0,0,0,0,0,0
1082,0,0,0,0,0,0,1,0,0,0,0,0,0,0,0,1
1083,0,0,0,1,0,0,1,0,0,0,0,0,0,0,0,0
1085,0,0,0,0,0,0,0,0,0,0,3,0,0,2,0,0
1086,0,0,0,0,0,0,0,0,1,0,0,0,0,0,0,5
1087,0,0,0,0,0,0,1,0,0,1,0,1,0,1,0,0
1088,0,2,0,0,0,0,1,1,0,2,3,0,0,4,0,0
1089,1,0,0,0,0,0,5,1,0,1,0,1,0,3,0,1
1090,0,1,0,0,0,0,1,0,0,1,1,0,0,0,0,2
1091,0,0,0,0,0,0,1,0,0,0,1,0,0,2,0,0
1092,0,0,0,0,0,1,1,1,0,2,1,0,0,1,0,0
1093,0,0,0,1,0,0,2,0,0,0,0,0,0,2,0,0
1094,0,0,0,0,0,0,2,0,0,0,0,0,0,0,0,0
1095,0,0,0,1,0,0,0,1,1,0,0,0,0,1,0,1
1096,0,0,0,0,0,0,1,0,0,0,0,0,0,1,0,0
1097,0,0,0,0,0,1,0,0,0,0,1,0,0,0,0,0
1098,0,0,0,0,0,0,2,0,0,0,0,3,0,0,0,0
1099,0,0,0,0,0,1,2,0,0,0,0,0,0,1,0,0
1100,0,0,0,0,0,0,1,0,0,0,3,0,0,0,0,1
1101,0,0,0,1,0,0,2,0,0,0,0,0,1,1,0,0
1102,0,0,0,0,0,0,2,0,0,1,1,0,1,1,0,0
1103,0,0,0,1,0,0,2,0,0,1,2,0,0,0,0,0
1104,0,1,0,0,0,0,1,0,0,1,1,0,0,0,0,2
1105,1,0,0,1,0,0,1,0,0,1,0,0,0,1,0,0
1106,0,1,0,0,0,0,0,0,0,0,1,0,0,1,0,0
1107,0,0,1,0,0,0,0,0,0,1,2,0,0,2,1,0
1108,1,0,0,0,1,0,0,0,0,0,0,1,0,1,0,0
1109,0,0,0,1,0,0,1,0,0,1,0,0,1,1,0,0
1110,0,0,0,2,0,0,4,1,0,0,1,1,0,1,0,0
1111,0,0,0,0,0,0,0,0,0,0,0,1,0,0,0,0
1112,0,0,0,0,0,0,1,0,0,0,2,1,0,0,0,1
1113,0,0,0,0,0,0,0,0,0,2,1,1,0,0,0,3
1114,0,1,0,0,0,0,0,0,0,0,1,0,0,2,0,0
1115,0,0,0,0,0,0,0,0,0,0,0,0,2,2,0,1
1116,0,0,0,0,0,1,0,0,0,0,1,0,0,2,0,0
1117,0,0,0,1,0,0,0,0,0,2,1,1,0,1,0,0
1118,0,0,0,0,0,0,1,0,0,0,0,0,0,1,0,0
1119,0,0,0,2,0,0,0,0,0,1,1,1,0,3,0,3
1120,0,0,0,0,0,3,0,0,0,1,0,0,0,2,0,1
1121,0,1,1,0,0,0,0,0,0,1,0,0,0,1,0,0
1122,0,1,0,1,0,0,0,0,0,0,2,0,0,0,0,0
1123,0,0,0,0,0,0,0,0,0,0,1,0,0,4,0,1
1124,0,0,0,0,0,0,1,0,0,1,2,0,0,0,0,3
1125,0,0,0,0,0,1,0,0,0,1,2,0,0,1,0,0
1126,0,0,0,0,0,1,2,0,0,2,2,0,0,1,0,0
1127,0,0,0,0,0,1,0,1,0,1,0,0,0,2,0,1
1128,0,0,0,0,0,0,0,1,0,0,1,0,0,2,0,0
1130,1,0,1,0,0,1,4,0,0,1,2,1,0,2,0,0
1131,0,0,0,0,0,1,1,0,0,1,0,0,0,2,0,0
1132,0,0,0,0,0,0,1,0,0,0,0,0,1,1,0,0
1133,0,0,0,0,0,0,0,0,0,0,1,0,0,2,0,1
1134,1,0,0,0,0,1,2,0,0,0,0,0,0,1,0,1
1135,0,0,0,0,0,1,0,0,1,1,3,0,0,2,0,1
1136,0,0,0,0,0,0,1,0,0,3,0,0,0,2,0,0
1137,0,0,0,0,0,1,1,0,0,0,0,0,0,0,0,1
1138,0,0,0,1,0,0,0,1,0,0,1,1,0,1,0,1
1139,0,0,0,0,0,1,0,2,0,0,1,0,2,1,0,0
1140,0,1,0,0,0,0,0,0,0,0,0,0,0,1,0,0
1141,0,0,0,0,0,0,1,1,0,0,0,0,0,2,0,0
1142,0,0,0,0,0,0,1,0,0,0,0,0,0,1,0,1
1143,0,0,0,0,0,0,0,0,0,0,1,0,0,1,0,1
1144,0,0,0,0,0,0,0,1,0,1,0,2,0,0,0,2
1145,0,0,0,0,0,0,1,0,0,1,0,0,0,0,0,0
1146,0,0,0,0,0,0,0,1,0,0,0,0,0,4,0,0
1147,0,1,0,0,0,1,0,0,0,0,1,0,0,3,0,1
1148,0,0,0,3,0,4,0,0,0,0,1,0,0,2,0,0
1149,0,0,0,0,0,1,1,0,0,0,0,0,0,0,0,0
1150,0,0,0,0,0,1,0,0,0,0,1,1,0,1,0,0
1151,0,0,0,0,0,0,2,0,0,0,0,1,0,1,0,0
1152,0,0,0,0,0,0,1,0,0,0,0,0,0,0,0,0
1154,0,0,0,0,0,1,0,0,0,0,1,1,0,1,0,0
1155,0,0,1,3,0,1,1,0,0,0,0,1,0,0,0,0
1156,0,0,0,0,0,0,1,0,0,0,0,0,0,2,0,0
1157,0,0,0,0,0,0,3,0,0,0,4,0,0,0,0,0
1158,1,1,0,0,0,0,0,0,0,0,3,0,0,2,0,0
1159,0,1,0,0,0,0,1,0,0,0,0,0,0,1,0,0
1160,0,0,0,0,0,0,1,0,0,2,1,0,0,0,0,0
1161,0,0,0,0,0,0,0,1,0,1,0,0,0,0,0,2
1162,0,0,0,0,0,1,1,0,0,0,1,1,0,0,0,0
1163,0,0,0,4,0,0,1,0,0,0,2,1,0,0,0,0
1164,0,0,0,0,0,0,1,0,0,1,0,0,0,2,0,0
1165,0,0,0,0,0,2,1,0,0,2,0,0,0,1,1,0
1167,0,0,1,0,0,1,0,0,0,1,2,0,0,0,0,0
1168,0,0,0,0,0,0,0,0,0,1,1,0,0,0,0,0
1169,0,0,0,0,0,1,1,0,0,0,1,0,0,1,0,0
1170,0,0,0,0,0,0,4,1,0,0,2,0,1,0,0,0
1171,0,0,0,0,0,1,1,0,0,1,1,0,3,2,0,2
1172,0,0,0,1,0,0,1,0,0,0,0,1,0,1,0,0
1173,0,1,0,0,0,0,2,0,0,0,2,1,0,0,0,7
1174,0,0,0,0,0,0,1,0,0,0,0,1,0,0,0,0
1175,0,0,0,0,0,0,0,0,0,0,0,0,1,0,0,4
1176,0,0,0,1,0,0,3,0,0,0,0,0,0,2,0,0
1177,0,0,0,0,0,1,2,0,0,0,5,0,3,0,0,1
1178,0,0,0,5,0,0,2,0,0,0,1,0,0,3,0,11
1179,0,0,0,0,0,0,2,0,0,1,1,0,1,1,0,0
1180,0,0,0,1,0,0,3,0,0,3,2,0,0,0,0,0
1181,0,0,0,0,0,1,0,0,0,0,0,0,0,1,0,0
1182,0,0,0,0,0,0,1,0,0,0,2,0,0,0,0,2
1183,1,0,0,0,0,0,0,0,0,1,0,0,0,2,0,3
1184,2,0,0,0,0,0,1,0,0,0,0,2,0,2,0,9
1185,0,0,0,1,0,0,1,0,0,0,0,2,1,3,0,3
1186,0,1,0,2,0,0,1,0,1,0,2,0,0,2,0,0
1187,0,0,1,0,0,0,0,0,0,0,0,0,0,1,0,5
1188,0,0,0,0,0,1,0,0,0,1,0,0,0,0,0,0
1189,0,0,0,0,0,0,0,0,0,0,1,0,0,1,0,1
1190,0,0,0,0,0,1,1,0,0,0,0,0,0,0,0,1
1191,0,0,0,0,0,0,0,0,0,2,1,0,2,0,0,1
1192,0,0,0,0,0,0,1,0,0,0,0,0,0,1,0,1
1194,0,0,0,0,0,0,1,0,0,4,1,0,1,0,0,1
1195,0,0,0,0,0,0,0,0,0,0,2,1,0,1,0,3
1196,0,0,0,0,0,0,0,1,0,0,1,0,0,0,0,2
1197,0,2,0,0,0,0,0,0,0,0,1,0,0,0,0,3
1198,0,1,0,0,0,0,0,0,0,1,1,0,2,1,0,8
1199,0,0,0,0,0,0,1,0,0,2,2,0,0,0,0,2
1200,0,1,0,0,0,0,0,1,0,0,0,1,0,0,0,0
1201,0,0,0,0,0,0,0,1,0,1,0,0,0,0,0,0
1202,0,0,0,0,0,2,1,0,0,0,0,0,0,2,0,1
1203,0,0,0,1,0,0,0,0,0,0,0,1,0,1,0,0
1204,0,0,1,0,0,0,3,0,0,2,3,0,0,1,0,0
1205,1,0,0,0,0,0,0,0,0,2,1,0,0,2,0,0
1206,0,0,0,0,0,1,1,1,0,1,0,0,0,3,0,0
1207,0,0,1,0,0,0,0,0,0,0,0,0,0,0,0,1
1208,0,0,0,0,0,0,0,1,0,1,3,0,0,0,0,0
1209,0,0,0,0,0,1,4,0,0,0,3,0,1,1,0,1
1210,0,0,0,0,0,0,0,0,0,0,1,0,0,2,0,1
1211,0,0,0,0,0,0,1,0,0,1,0,0,0,1,0,1
1212,0,0,0,0,0,1,0,0,0,0,2,0,0,1,0,1
1213,0,0,0,0,0,3,3,1,1,2,0,0,0,1,0,0
1214,0,1,0,0,0,0,0,0,0,0,0,0,0,1,0,0
1215,0,0,0,0,0,0,1,0,0,0,1,0,0,1,0,0
1216,3,0,0,0,1,1,0,0,0,2,0,0,0,1,0,0
1217,0,0,0,0,0,2,1,0,0,2,2,0,0,1,0,2
1218,0,0,0,0,0,0,0,0,1,0,1,0,0,0,0,0
1219,0,0,0,0,0,0,0,0,0,1,0,0,0,2,0,0
1220,0,0,0,0,0,3,2,1,0,0,0,0,0,1,0,0
1221,0,0,0,0,0,0,1,1,0,0,4,0,0,2,0,4
1222,0,0,0,2,0,0,1,0,0,0,0,1,1,0,0,4
1223,1,0,0,2,0,0,10,1,1,1,1,1,0,0,0,0
1224,0,0,0,0,0,1,0,2,0,1,2,1,0,0,0,0
1225,0,1,0,0,0,0,0,0,0,2,0,0,0,5,0,3
1226,1,0,0,2,0,0,3,0,0,0,0,0,0,0,0,28
1227,0,0,0,0,0,1,2,0,0,0,0,0,0,0,0,0
1228,0,0,0,0,0,1,2,0,0,1,0,0,0,0,0,1
1229,0,0,0,0,0,3,0,0,0,1,1,0,0,3,0,3
1230,0,0,0,0,0,1,1,0,0,1,0,0,0,2,0,1
1231,0,0,0,0,0,0,1,0,1,0,0,0,0,1,0,5
1232,5,0,0,0,0,0,3,1,0,1,2,0,0,2,0,1
1233,0,1,0,0,0,0,1,0,0,1,1,0,0,1,0,0
1234,0,0,0,0,0,1,0,0,0,0,1,0,0,0,0,0
1235,0,0,0,0,0,0,1,0,0,2,0,0,0,1,0,2
1236,0,0,0,0,0,1,1,0,0,0,4,0,2,1,0,0
1237,1,0,0,0,0,1,0,0,0,0,1,0,0,2,0,0
1238,0,0,0,0,0,0,1,0,0,0,0,0,0,0,0,0
1239,1,0,0,0,0,0,2,0,0,0,1,0,0,1,0,0
1240,0,0,0,0,0,1,0,0,0,1,2,1,0,0,0,14
1241,0,0,0,0,0,0,0,0,0,0,1,0,0,0,0,0
1242,0,0,0,6,0,0,1,1,0,0,0,0,0,2,0,0
1243,0,0,0,0,0,0,0,0,0,1,0,0,0,1,0,0
1244,0,0,1,0,0,1,0,0,0,0,0,0,0,0,0,0
1245,0,0,0,0,0,0,0,0,0,1,0,0,0,0,0,0
1246,0,0,0,0,0,0,0,0,0,0,3,1,0,1,0,1
1247,0,0,0,0,0,0,0,1,0,1,0,0,0,1,0,0
1248,0,0,0,0,0,0,0,0,0,3,1,0,0,1,0,0
1249,0,0,0,0,0,1,3,0,0,0,2,0,2,0,0,1
1250,0,0,0,0,0,1,3,0,0,0,1,0,1,0,0,5
1251,0,0,0,0,0,0,5,0,0,0,2,0,0,0,0,0
1252,0,0,0,0,0,1,2,0,0,0,0,0,0,1,0,0
1253,0,0,0,1,0,1,1,0,0,2,2,0,0,0,0,2
1254,0,2,1,3,0,1,3,0,0,0,2,0,2,1,0,0
1255,1,0,0,0,0,0,1,0,0,0,0,0,0,2,0,0
1256,0,0,0,0,0,0,4,0,0,1,1,0,0,0,0,1
1257,0,0,0,0,0,0,1,0,0,1,0,0,0,0,0,0
1258,0,0,0,2,0,0,7,0,0,5,0,0,0,0,0,2
1259,1,0,0,0,0,0,0,0,0,0,0,0,1,0,0,0
1260,0,0,0,0,0,0,0,0,0,1,0,0,0,0,0,0
1261,1,0,0,0,0,0,1,0,0,1,2,0,0,0,0,1
1262,0,0,0,0,0,0,0,0,0,1,1,0,0,1,0,0
1263,0,0,0,1,0,0,0,0,0,0,0,0,1,0,0,0
1264,0,0,0,0,0,0,1,0,0,0,1,0,3,1,0,1
1265,0,2,0,0,0,0,1,0,0,0,0,0,0,1,0,0
1266,0,0,0,2,0,0,2,0,1,0,1,1,0,1,0,4
1267,0,0,0,0,0,0,0,0,0,1,0,0,0,0,0,0
1268,1,0,0,0,0,2,2,0,0,0,2,0,0,2,0,0
1269,0,0,0,1,0,2,1,0,0,0,2,0,0,0,0,0
1270,0,0,0,0,0,2,2,0,0,1,0,0,0,2,0,0
1271,0,0,0,0,0,0,2,1,0,0,0,0,0,1,0,4
1272,0,0,0,0,0,1,1,0,0,0,0,0,0,0,0,0
1273,0,0,0,0,0,1,1,1,0,0,1,1,0,1,0,0
1274,0,0,0,0,0,0,1,0,0,0,2,0,0,0,0,0
1275,0,0,0,1,0,1,0,0,0,1,1,0,0,0,0,0
1276,0,0,0,1,0,3,2,0,0,1,0,0,0,1,0,1
1277,0,0,0,2,0,1,2,1,0,3,0,0,1,3,0,4
1278,0,1,0,0,0,0,1,0,0,1,2,0,0,1,0,0
1279,0,0,0,0,0,0,2,0,0,0,2,0,0,1,0,0
1280,0,1,0,5,0,1,0,0,1,1,2,0,0,0,0,1
1281,0,0,0,0,0,2,0,0,0,1,0,0,0,0,0,1
1282,0,0,0,0,0,0,1,3,0,2,0,0,0,1,0,1
1283,0,0,0,5,0,0,3,0,0,1,1,1,0,2,2,1
1284,2,0,0,0,0,1,0,0,0,0,0,0,0,0,0,0
1285,1,0,0,0,0,0,0,0,0,0,0,0,1,0,0,0
1286,2,0,0,3,0,0,2,0,0,0,1,0,0,3,0,0
1287,0,0,0,1,0,0,0,0,0,1,3,0,1,1,0,0
1288,0,0,0,2,0,0,1,0,0,0,0,1,0,1,0,14
1289,0,2,0,0,0,0,0,5,0,0,2,0,1,0,0,0
1290,1,0,0,0,0,1,1,0,0,0,1,0,2,1,0,3
1291,0,0,0,5,0,0,1,0,0,0,0,0,0,1,0,8
1292,2,0,0,5,0,0,1,0,0,1,0,0,3,0,0,15
1293,1,0,1,0,0,2,1,1,0,0,0,0,0,2,0,1
1294,0,0,0,0,0,0,1,0,0,0,0,0,0,2,0,0
1295,0,0,0,1,0,0,8,0,1,2,3,1,1,2,0,0
1296,0,0,0,1,0,1,3,0,0,0,0,1,0,2,0,0
1297,0,0,0,3,0,0,0,0,0,1,2,0,0,3,0,0
1298,0,0,0,0,0,2,0,0,0,0,1,0,0,1,0,2
1299,0,0,0,2,0,1,5,0,0,0,2,0,0,1,0,1
1300,1,0,0,0,0,0,0,0,0,1,3,0,1,0,0,0
1301,0,0,0,2,0,0,5,0,1,2,0,0,0,0,0,7
1302,0,0,0,0,0,0,0,0,0,0,1,0,0,0,0,0
1303,0,1,0,0,0,0,1,1,0,0,1,0,0,3,0,0
1304,0,0,0,0,0,0,1,0,0,0,2,0,0,0,0,1
1305,0,0,0,0,0,0,1,0,0,1,0,0,0,4,0,1
1306,0,0,0,1,0,2,7,0,0,0,2,0,0,0,0,0
1307,1,0,0,0,0,0,0,0,1,0,1,0,0,1,0,3
1308,0,0,1,0,0,0,0,0,0,0,1,0,0,1,0,3
1309,0,1,0,0,0,0,0,1,0,0,0,1,0,0,0,0
1310,1,0,0,0,0,0,1,0,0,0,2,0,0,2,0,0
1311,1,0,0,0,0,1,1,0,0,1,4,0,0,0,0,0
1312,0,0,0,0,0,0,0,0,0,0,1,1,0,2,0,0
1313,0,0,0,0,0,0,0,0,0,1,0,1,0,2,0,0
1314,0,0,0,0,0,1,0,0,0,0,0,0,0,0,0,0
1315,0,0,0,0,0,0,0,0,0,1,0,1,0,0,0,0
1316,0,0,0,0,0,0,0,0,0,0,0,0,0,1,1,0
1317,0,0,0,1,0,0,0,0,0,0,1,0,0,0,0,1
1318,0,0,0,0,0,0,0,2,0,1,2,0,0,0,0,0
1319,0,0,0,0,0,0,2,0,0,1,0,0,0,2,0,2
1320,0,0,0,0,0,2,1,0,0,0,0,0,0,1,0,0
1321,0,0,0,0,0,1,1,0,0,2,1,0,2,2,0,3
1323,1,0,1,2,0,0,0,0,0,3,0,0,0,1,0,16
1324,0,0,0,0,0,0,0,0,0,1,1,0,0,2,0,1
1325,0,0,0,0,0,0,2,0,3,0,0,0,0,1,0,0
1326,0,0,0,0,0,2,0,0,0,0,1,0,0,2,0,0
1327,0,0,0,2,0,0,1,0,2,0,1,1,0,3,0,0
1328,0,0,0,0,0,0,0,0,0,1,1,0,0,0,0,0
1329,0,0,0,0,0,0,0,0,2,1,0,0,0,2,0,1
1330,0,1,0,0,0,1,2,0,1,1,0,1,0,2,0,1
1331,1,0,0,0,0,2,0,1,1,0,0,0,0,1,0,1
1332,0,0,0,0,0,1,0,0,0,1,0,0,0,1,0,0
1333,0,0,0,0,0,1,0,0,3,0,1,0,0,1,0,0
1334,0,0,0,0,0,0,0,0,2,0,1,0,0,0,0,1
1335,0,0,0,2,0,1,1,0,1,0,0,0,0,1,0,0
1336,0,0,0,3,0,0,1,0,0,2,2,0,0,1,0,6
1337,1,0,0,0,0,1,2,0,0,1,0,0,0,0,0,3
1338,0,0,0,1,0,1,0,0,1,3,0,0,0,1,0,1
1339,1,1,0,0,0,0,2,0,0,0,1,1,0,0,0,2
1340,0,0,0,1,0,1,1,0,0,4,0,0,0,0,0,1
1341,0,1,2,1,0,0,0,0,0,0,0,0,0,2,0,0
1342,1,0,0,0,0,0,2,0,0,0,0,0,0,1,0,1
1343,0,0,0,0,0,1,0,0,0,0,1,0,0,1,0,0
1344,0,0,0,0,0,0,1,0,0,1,1,0,0,4,0,2
1345,0,0,0,0,0,0,1,0,0,1,2,0,1,2,0,4
1346,1,0,0,0,0,0,0,0,0,0,1,0,0,1,0,1
1347,0,0,0,0,0,0,0,0,0,1,2,0,0,1,0,1
1348,0,0,0,0,0,1,0,2,0,1,2,0,0,0,0,2
1349,0,0,0,0,0,0,2,0,0,2,0,1,1,1,0,0
1350,0,0,0,0,0,0,0,0,0,0,2,0,0,0,0,3
1351,0,0,0,0,0,2,1,1,1,0,0,1,0,2,0,2
1352,0,0,0,0,0,0,1,1,0,0,1,0,0,1,1,0
1353,0,0,0,0,0,1,0,1,0,0,0,0,0,1,0,1
1354,0,0,0,0,0,0,2,0,0,0,0,0,0,0,0,1
1355,0,0,0,0,0,1,0,1,0,0,0,0,0,0,0,1
1356,0,0,0,0,0,0,0,0,0,0,3,0,0,1,0,3
1357,0,0,0,2,0,5,2,4,0,2,0,0,3,0,0,0
1358,0,0,0,0,0,1,0,0,0,0,0,1,0,2,0,0
1359,1,0,0,0,0,2,2,0,0,0,2,0,0,2,0,0
1360,0,0,0,0,0,1,1,1,1,0,3,0,0,0,0,0
1361,0,0,0,2,0,0,2,0,0,0,2,0,1,1,0,7
1362,0,0,0,0,0,1,0,0,0,0,0,1,0,0,0,2
1363,0,2,0,0,0,0,2,2,0,1,1,0,1,1,0,5
1364,0,0,0,0,0,1,0,0,0,0,1,0,0,1,0,0
1365,1,0,0,0,0,2,1,0,0,1,3,0,0,1,0,7
1366,0,0,0,0,0,0,1,0,0,0,1,1,0,2,0,0
1367,0,0,0,0,0,0,0,0,0,0,0,0,0,2,0,0
1368,0,0,0,0,0,0,3,0,0,2,1,0,0,0,1,4
1369,0,0,0,0,0,1,0,0,0,1,1,0,0,0,0,0
1370,0,0,0,0,0,0,2,0,0,0,0,0,0,0,0,0
1371,1,0,0,0,0,0,0,0,0,0,0,0,0,0,0,0
1372,1,0,0,2,0,0,1,0,0,1,0,1,0,1,0,1
1373,0,0,0,1,0,1,1,1,0,0,1,0,0,2,0,3
1374,0,0,0,0,0,0,2,0,0,0,0,0,0,0,0,0
1375,0,0,0,0,0,1,0,0,0,0,0,1,0,1,0,1
1376,0,0,0,0,0,1,1,0,0,0,1,0,0,3,0,2
1377,1,0,0,0,0,4,0,0,0,1,1,0,0,1,0,1
1378,1,0,0,0,0,4,3,0,0,0,1,0,0,0,0,6
1379,2,0,0,0,0,0,0,0,0,0,2,0,0,2,0,3
1380,0,0,0,0,0,0,1,0,0,0,0,0,0,2,0,1
1381,0,0,0,0,0,0,0,0,0,0,0,0,0,1,0,1
1382,0,1,0,0,0,0,0,0,0,1,2,0,0,2,0,0
1383,0,0,0,0,0,0,5,0,0,1,1,0,2,0,0,0
1384,0,1,0,0,0,1,1,0,0,0,1,0,0,1,0,1
1385,0,0,0,0,0,1,1,0,0,0,0,0,0,2,0,0
1386,0,0,0,0,0,0,0,0,0,0,0,0,0,3,0,0
1387,1,0,0,0,0,0,3,0,0,5,1,0,1,1,0,0
1388,0,0,0,0,0,0,4,0,4,0,0,0,1,1,1,7
1389,0,0,0,1,0,1,2,0,0,1,6,0,2,1,0,3
1390,1,1,0,0,0,1,0,0,0,1,1,0,0,0,0,1
1391,0,1,0,1,0,0,1,0,0,1,0,0,0,1,0,5
1392,0,0,0,0,0,2,1,0,0,0,0,0,1,2,0,9
1393,0,0,0,0,0,2,3,0,0,1,2,1,0,2,0,3
1394,0,0,0,0,0,0,0,0,0,0,0,0,0,1,0,5
1395,2,0,0,0,0,1,1,0,0,1,1,0,0,2,0,7
1396,0,0,0,0,0,1,0,0,0,0,5,1,0,1,0,5
1398,0,0,0,0,0,0,1,0,0,1,0,0,0,1,0,4
1399,0,1,0,0,0,2,1,0,0,0,2,0,0,0,0,6
1400,0,1,0,0,0,1,0,0,0,0,1,0,0,1,0,8
1401,0,0,0,0,0,0,1,0,0,0,1,0,0,1,0,1
1402,0,0,0,0,0,0,1,1,0,0,1,2,0,0,0,8
1403,0,0,0,4,0,0,5,0,0,3,0,0,3,0,0,2
1404,0,0,0,0,0,2,0,0,0,0,1,0,0,0,0,5
1405,0,0,0,0,0,2,2,1,0,0,0,0,0,2,0,8
1406,0,0,0,0,0,0,3,0,0,1,0,0,0,0,0,2
1407,0,0,0,0,0,1,1,0,0,0,0,0,0,1,0,5
1408,0,0,0,0,0,0,0,0,0,0,0,0,0,1,0,0
1409,0,1,0,0,0,1,0,0,0,0,4,0,0,4,0,4
1410,0,0,0,0,0,0,0,0,1,0,0,0,0,0,0,0
1411,0,0,0,0,0,0,0,0,1,1,0,0,0,0,0,0
1412,0,0,0,0,0,1,2,1,0,0,1,0,0,2,0,1
1413,0,0,0,0,0,0,0,0,0,0,2,0,0,1,0,0
1414,3,0,0,0,0,0,3,0,2,0,1,1,0,3,0,0
1415,0,0,0,1,0,0,7,0,0,1,0,1,0,0,0,1
1416,0,0,0,0,0,0,1,0,0,0,0,0,0,4,0,3
1417,2,0,0,1,0,0,1,1,0,1,1,0,0,2,0,0
1418,0,0,0,0,0,1,2,0,2,0,1,0,0,2,0,0
1419,0,0,0,0,0,0,1,0,0,0,1,0,0,0,0,0
1420,0,0,0,0,0,0,1,0,0,0,0,0,0,0,0,1
1421,0,1,0,1,0,1,1,0,0,1,0,0,0,1,0,0
1422,0,0,0,0,0,1,0,0,0,2,0,1,0,0,0,0
1423,0,1,0,0,0,0,3,0,0,0,1,0,0,1,0,8
1424,0,0,1,0,0,1,0,1,0,0,0,0,0,1,0,0
1425,0,1,0,0,0,1,1,0,0,2,1,0,0,1,0,0
1426,0,0,0,1,0,1,1,0,0,0,1,0,2,1,0,5
1427,0,0,0,1,0,0,1,1,1,0,1,0,0,3,0,0
1428,0,0,0,0,0,0,0,0,0,0,0,1,0,3,0,4
1429,0,0,0,0,0,1,3,0,0,0,1,0,0,0,0,3
1430,0,1,0,0,0,1,5,0,0,0,0,0,0,0,0,0
1431,0,0,0,0,0,0,0,0,0,0,1,0,0,0,0,0
1432,0,0,0,0,0,0,1,0,0,0,0,1,0,2,0,1
1433,0,0,0,1,0,0,1,0,0,0,0,0,0,0,0,4
1434,0,0,0,2,0,0,0,0,0,1,0,1,0,1,0,0
1435,0,0,0,0,0,0,0,0,0,0,0,0,0,2,0,0
1436,0,0,0,2,0,2,5,0,0,2,4,0,0,0,0,1
1437,0,0,0,2,0,0,0,0,0,0,0,0,0,0,0,1
1438,0,0,0,0,0,1,0,0,0,0,2,2,0,3,0,1
1439,0,1,1,0,0,0,0,1,0,2,3,0,0,2,0,0
1441,1,0,0,0,0,2,0,0,0,0,4,0,0,2,0,4
1442,1,0,0,1,0,0,0,0,0,0,2,0,0,0,0,0
1443,0,0,1,0,0,0,0,0,0,1,1,2,0,1,0,0
1444,1,0,0,0,0,0,0,1,0,0,0,0,0,0,0,0
1446,0,0,0,0,0,0,0,0,0,1,1,0,0,3,0,0
1447,0,0,0,0,0,0,2,0,0,2,1,0,1,1,1,0
1448,0,0,0,5,0,0,2,1,0,0,1,0,0,1,1,1
1449,0,0,0,0,0,1,0,0,0,1,0,0,0,0,0,1
1450,0,1,0,1,0,0,1,0,1,0,0,1,0,0,0,2
1451,0,0,1,0,0,0,0,0,0,1,1,0,0,1,0,1
1452,0,0,0,1,0,0,0,0,0,1,1,0,0,0,0,0
1453,0,0,0,1,0,0,0,1,0,0,1,0,0,1,0,0
1454,0,0,0,0,0,2,1,0,0,2,4,0,0,1,0,0
1455,0,0,0,0,0,0,2,1,0,0,0,0,0,0,0,0
1456,0,0,0,0,0,0,0,0,0,0,0,1,0,1,0,1
1457,0,0,0,1,0,1,1,0,0,0,0,2,0,1,0,0
1458,0,0,0,2,0,0,1,0,0,0,0,0,0,1,0,3
1459,0,0,1,0,0,0,0,0,0,0,1,0,0,1,1,1
1460,0,0,0,1,0,1,0,0,2,1,1,0,0,0,0,0
1461,0,0,0,0,0,0,0,0,0,0,0,1,0,0,1,0
1462,0,0,0,1,0,0,0,1,0,1,1,2,0,0,0,0
1463,0,0,0,1,0,0,0,0,0,1,1,2,6,3,0,0
1464,0,1,1,0,0,0,2,0,0,0,0,1,0,3,0,0
1465,0,0,0,0,0,0,0,0,0,1,1,0,0,0,0,0
1466,1,1,1,2,0,0,2,0,0,0,1,0,0,0,0,0
1467,0,0,0,0,0,0,0,0,0,2,1,1,0,0,0,1
1468,1,0,0,0,0,0,0,0,0,3,2,2,0,3,0,1
1469,0,0,0,0,0,0,0,0,0,0,0,0,0,2,0,0
1470,0,0,0,2,0,0,10,1,1,1,1,0,0,1,0,0
1471,0,1,0,0,1,1,0,0,0,0,1,0,0,2,0,3
1472,0,0,0,1,0,1,0,0,0,0,3,0,0,3,0,1
1473,0,0,0,0,0,0,4,0,0,1,0,0,0,2,0,0
1474,0,0,0,0,0,0,1,0,0,0,0,0,0,0,0,0
1475,0,0,0,0,0,1,0,0,0,0,0,0,0,2,0,0
1476,0,2,0,0,0,0,0,2,0,5,3,0,0,2,0,1
1477,0,0,0,0,0,0,0,0,0,0,1,0,0,0,0,1
1478,0,0,0,0,0,0,0,0,0,2,0,0,1,1,0,1
1479,0,0,0,0,0,0,1,0,0,0,0,0,0,0,0,0
1480,0,0,0,1,0,1,3,0,0,0,1,0,3,3,0,0
1481,0,0,0,0,0,0,0,1,0,0,0,0,0,0,0,0
1482,0,0,0,0,0,1,0,0,0,0,0,0,0,1,0,0
1483,0,0,0,0,0,0,2,0,0,0,1,0,0,3,0,0
1484,0,0,0,0,0,1,2,0,0,0,1,0,0,2,0,1
1485,0,0,0,0,0,0,0,0,0,0,1,1,0,2,0,0
1486,0,0,0,0,0,1,1,0,0,0,0,0,0,0,0,0
1487,0,0,0,0,0,0,1,0,0,0,0,0,0,3,0,0
1488,4,0,0,2,0,1,5,0,0,2,0,0,0,4,0,2
1489,0,0,0,2,0,1,1,0,1,1,0,1,0,1,0,0
1490,0,0,0,0,0,2,1,1,0,1,2,1,0,1,0,2
1491,2,1,0,0,0,2,1,0,0,1,0,0,0,0,0,1
1492,0,0,0,0,0,1,2,0,0,1,0,0,0,0,0,0
1493,0,1,0,0,0,1,1,0,0,0,2,0,0,1,0,2
1494,0,1,0,0,0,0,0,0,0,0,1,0,0,0,0,1
1495,0,1,0,0,0,0,0,0,0,1,0,0,0,0,0,1
1496,0,0,0,0,0,0,0,0,0,0,0,1,0,3,0,1
1497,0,0,0,0,0,0,0,0,0,3,3,0,0,1,0,0
1498,0,0,0,0,0,0,1,0,0,0,0,1,0,0,0,0
1499,0,0,0,1,0,2,0,0,0,0,1,0,0,1,0,0
1500,0,0,0,0,0,1,0,0,0,0,2,0,0,0,0,1
1501,0,0,1,3,0,0,0,0,0,0,0,0,0,1,0,0
1502,1,0,0,1,0,0,0,0,0,3,1,0,0,2,0,7
1503,0,0,0,0,0,0,0,1,0,0,0,0,0,4,0,0
1504,0,0,0,0,0,0,2,0,0,1,0,0,0,2,0,5
1505,0,0,0,0,1,0,2,0,0,3,1,0,0,4,1,0
1506,0,0,0,1,0,0,0,0,0,0,1,0,0,0,0,0
1507,0,0,0,0,0,0,2,1,0,2,2,0,0,1,0,0
1508,0,0,0,0,0,2,0,0,0,1,0,0,0,3,0,3
1509,0,0,0,0,0,0,0,0,0,1,0,0,0,2,0,5
1510,1,0,0,0,0,0,1,1,0,0,1,0,0,1,1,1
1511,0,0,0,2,0,0,1,1,0,1,0,0,0,1,0,0
1512,0,0,0,0,0,0,0,0,0,1,1,0,0,0,0,0
1513,0,0,0,0,0,1,0,0,0,1,6,2,0,0,0,2
1514,0,0,0,0,0,3,1,0,0,1,1,0,0,2,0,7
1515,0,0,0,0,0,1,0,1,0,1,0,0,0,0,0,0
1516,0,1,0,0,0,0,2,1,0,0,1,0,0,3,0,0
1517,0,0,0,0,0,0,1,0,0,1,2,0,0,1,0,0
1518,0,0,0,3,0,0,0,0,1,2,1,0,1,1,0,1
1519,0,0,0,0,0,2,0,1,0,0,0,0,0,3,0,0
1520,0,0,0,0,0,0,2,0,0,1,0,0,0,1,1,1
1521,0,0,0,0,0,1,2,1,0,0,0,0,0,2,0,3
1522,0,0,0,0,0,0,0,0,0,1,2,0,0,0,0,0
1523,0,0,0,0,0,1,1,1,0,0,3,0,0,1,0,0
1524,0,0,0,0,0,0,0,0,0,1,2,2,1,0,0,0
1525,0,0,2,1,0,1,3,1,2,0,2,0,1,1,0,1
1526,0,0,0,2,0,0,6,1,1,4,1,0,1,2,0,1
1527,0,0,0,2,0,0,2,0,0,0,1,1,0,0,0,1
1528,0,0,0,1,0,1,1,0,0,2,0,0,0,0,1,0
1529,0,0,0,0,0,0,1,1,0,1,0,0,0,0,0,4
1530,0,0,0,0,0,1,3,0,0,2,0,1,0,0,0,2
1531,0,0,0,4,0,0,0,0,0,1,2,0,0,0,0,0
1532,0,0,0,0,0,0,1,0,0,1,1,0,0,1,0,1
1533,0,0,0,0,0,0,0,1,0,2,1,2,0,4,0,7
1534,0,0,0,0,0,0,1,0,0,0,0,0,0,2,0,0
1535,0,0,0,0,0,0,1,0,0,0,0,0,0,3,0,0
1536,0,0,0,0,0,0,1,1,0,0,0,0,0,0,0,0
1537,0,0,0,0,0,0,0,0,0,0,0,0,0,0,0,2
1538,0,0,0,0,0,1,0,0,0,1,3,0,1,2,0,1
1539,0,0,0,0,0,0,2,2,0,0,0,0,0,1,0,2
1540,0,0,0,0,0,0,2,0,0,0,1,0,0,1,0,0
1541,0,0,0,0,0,1,0,1,3,0,1,0,0,2,0,0
1542,0,0,0,0,0,1,4,2,0,1,1,0,0,2,0,0
1543,0,0,0,0,1,1,7,0,0,1,1,0,0,2,0,0
1544,0,0,0,0,0,1,0,0,0,0,0,0,0,0,0,1
1545,0,0,0,0,0,1,1,1,0,1,1,0,0,0,0,0
1546,0,0,0,0,0,0,2,0,0,1,1,0,0,0,0,3
1547,0,1,0,1,0,0,0,0,0,1,0,1,0,1,0,0
1548,0,1,0,0,0,1,0,0,0,0,1,0,0,3,0,1
1549,0,0,0,0,0,4,0,0,0,0,2,0,0,3,0,0
1550,0,0,0,1,0,1,2,0,0,0,3,1,1,1,0,2
1551,0,1,1,0,0,1,1,0,0,0,1,1,1,1,0,1
1552,0,0,0,0,0,0,0,0,0,1,1,0,0,1,0,0
1553,0,0,0,2,0,1,4,0,0,0,0,0,0,1,0,1
1554,0,0,0,0,0,2,0,0,1,0,0,0,0,0,0,0
1555,0,0,0,1,0,0,0,1,1,0,1,0,0,1,0,0
1556,0,0,0,0,0,1,2,0,0,0,0,0,0,0,0,0
1557,1,0,0,0,0,2,1,0,0,0,0,1,0,1,0,0
1558,0,0,1,0,0,1,0,1,0,0,0,0,0,0,0,0
1559,0,0,0,0,0,1,0,0,0,0,1,0,0,4,0,0
1560,0,0,0,0,0,1,1,0,0,1,3,0,0,0,0,0
1561,0,0,0,0,0,1,0,1,0,1,1,0,0,0,0,0
1562,0,0,0,0,0,2,0,0,0,0,1,1,1,2,0,0
1563,0,0,0,1,0,1,3,0,0,1,0,1,0,0,0,0
1564,0,1,0,0,0,0,2,0,0,1,1,0,0,1,0,2
1565,0,0,2,0,0,0,3,0,2,2,2,0,0,0,0,2
1566,0,1,0,0,0,0,1,0,0,0,0,0,0,0,0,2
1567,0,0,0,0,0,0,3,0,0,2,1,0,0,1,0,0
1568,0,1,0,0,0,1,1,0,0,0,0,0,2,0,0,1
1569,0,0,0,1,0,0,3,0,0,2,1,2,1,2,0,0
1570,0,0,0,0,0,2,0,0,0,0,0,0,0,10,0,2
1571,0,0,0,0,0,0,0,0,0,0,1,0,0,0,0,0
1572,1,0,0,0,0,0,1,0,0,2,0,0,0,0,0,1
1573,0,0,0,1,0,0,0,0,0,1,0,0,0,0,0,1
1574,0,0,0,0,0,0,1,0,0,3,0,0,0,1,0,1
1575,0,0,0,0,0,0,0,0,0,0,0,0,0,1,1,1
1576,0,1,0,0,0,0,0,0,1,0,2,0,0,2,0,1
1577,0,0,0,0,0,0,0,1,0,1,1,0,0,2,1,0
1578,0,0,0,0,0,0,3,0,2,1,0,0,0,0,0,0
1579,1,1,0,0,0,0,0,0,0,0,0,0,3,3,0,2
1580,0,0,0,1,0,0,1,0,1,0,2,0,0,1,0,0
1581,0,0,0,0,0,0,0,0,0,1,2,0,0,1,0,0
1582,0,0,0,0,0,1,0,1,0,0,0,1,0,1,0,0
1583,0,0,0,4,0,1,0,1,0,0,0,0,0,1,0,8
1584,0,0,0,0,0,0,1,0,0,0,0,0,0,0,0,1
1585,0,0,0,2,0,0,1,1,0,0,2,0,0,0,0,0
1586,0,0,0,1,0,2,2,0,0,0,1,0,0,0,0,2
1587,0,0,0,0,0,0,1,0,0,1,0,0,0,1,0,1
1588,0,0,0,0,0,0,0,0,0,1,0,1,0,3,0,2
1590,0,0,0,2,0,1,1,0,0,0,1,0,3,1,0,3
1591,0,2,0,0,0,1,0,0,0,0,1,0,0,1,0,0
1592,0,1,0,0,0,1,0,2,0,1,1,0,0,1,0,1
1593,0,1,0,0,0,0,0,0,0,0,2,0,0,0,0,1
1594,0,1,0,1,0,0,3,0,0,4,1,0,0,2,0,0
1595,0,0,0,0,0,0,0,0,0,0,2,0,0,3,0,2
1596,0,0,0,0,0,0,1,0,0,0,0,2,0,2,0,0
1597,0,0,0,5,0,2,1,0,0,0,2,1,0,1,0,3
1598,0,0,0,0,0,2,1,0,0,0,0,0,0,2,0,1
1599,0,0,0,1,0,1,0,0,0,0,0,0,0,2,0,5
1600,0,0,0,0,1,0,2,0,0,0,2,0,0,1,0,0
1601,0,0,0,0,0,2,0,0,0,1,2,0,0,0,0,0
1602,0,0,0,0,0,1,0,1,0,1,1,0,0,0,0,2
1603,0,0,0,0,0,7,2,0,0,0,2,0,1,3,0,2
1604,0,0,0,1,0,1,3,0,0,2,2,0,0,1,0,2
1605,0,1,0,0,0,1,0,0,0,1,0,0,0,0,0,0
1606,0,0,0,0,0,0,1,1,0,0,0,0,0,3,1,2
1607,0,0,0,0,0,1,5,1,0,0,3,0,1,0,0,1
1608,0,0,0,3,0,1,0,0,0,0,0,0,0,1,0,0
1609,0,1,0,1,0,0,1,1,1,1,0,2,1,2,2,1
1610,0,0,0,1,0,2,0,0,0,0,2,0,0,2,0,4
1611,0,1,0,0,0,0,3,0,1,0,2,0,0,1,0,1
1612,0,1,0,0,0,1,0,0,0,2,4,1,0,0,0,0
1613,0,0,0,0,0,2,2,1,1,0,1,0,1,2,0,0
1614,0,1,0,0,0,1,2,0,0,0,1,1,0,2,0,0
1615,0,0,0,1,0,3,0,0,0,1,1,0,1,0,0,4
1616,0,0,0,1,0,4,1,0,0,0,1,0,0,0,0,2
1617,0,0,0,0,0,0,3,1,0,1,0,0,1,0,0,2
1618,0,0,1,1,0,0,1,0,0,1,1,1,0,0,0,6
1619,0,0,0,0,0,0,1,0,0,0,0,0,0,0,0,2
1620,0,0,0,0,0,1,1,0,0,2,0,0,1,1,0,1
1621,0,0,0,0,0,1,1,0,0,1,0,0,0,5,0,0
1622,0,0,0,0,0,0,0,1,0,1,0,0,1,1,0,0
1623,0,1,0,0,0,1,0,0,0,0,2,0,0,0,0,0
1624,0,0,0,0,0,0,0,0,0,0,1,0,0,0,0,0
1625,0,0,0,0,0,3,1,0,0,0,0,0,0,3,0,0
1626,0,1,0,0,0,1,1,2,0,0,0,0,0,3,0,0
1627,0,0,0,0,0,1,2,2,0,2,0,1,0,2,0,3
1628,0,0,0,0,0,0,0,0,0,1,1,1,0,0,0,0
1629,0,0,1,1,0,4,1,0,0,1,2,0,7,2,0,3
1630,0,0,0,0,0,2,1,0,0,1,0,0,0,1,0,0
1631,0,0,0,0,0,1,0,1,0,1,3,0,0,2,0,0
1632,1,0,0,0,0,0,3,1,0,2,1,0,0,1,0,0
1633,0,0,0,2,0,1,1,2,0,0,1,0,0,0,0,0
1634,0,0,0,0,0,0,0,0,0,0,0,0,0,0,0,4
1635,0,0,0,0,0,0,0,0,0,1,1,0,1,2,0,0
1636,0,0,0,0,0,0,0,0,0,0,0,0,0,1,0,0
1637,0,0,0,2,1,0,4,0,0,1,1,0,1,0,0,7
1638,0,0,0,0,0,1,1,0,0,0,2,1,0,3,0,2
1639,0,1,0,2,0,0,2,1,0,0,0,1,0,6,0,0
1640,0,0,0,0,0,0,0,0,0,0,1,0,0,1,0,0
1641,0,0,0,3,0,0,3,0,0,1,0,1,0,0,0,2
1642,0,0,0,0,0,0,1,0,0,0,1,1,0,2,0,0
1643,0,0,0,0,0,0,2,0,0,1,0,1,0,1,0,0
1644,0,0,0,0,0,0,0,0,0,0,0,0,0,0,0,1
1645,0,0,0,0,0,0,0,0,0,1,1,0,0,0,0,1
1646,1,0,0,1,0,0,1,0,0,0,3,1,0,0,0,5
1647,0,0,0,1,0,0,1,0,0,2,0,0,4,2,0,3
1648,0,0,0,4,0,0,2,1,1,1,2,0,1,2,0,10
1649,0,0,0,0,0,0,1,0,0,0,0,0,0,2,0,0
1650,0,1,0,2,0,0,4,0,0,1,0,0,0,0,0,6
1651,0,0,0,1,0,0,1,0,0,0,0,0,0,0,0,0
1652,0,0,0,0,0,0,2,0,0,0,2,0,2,0,0,6
1653,0,0,0,0,0,0,1,0,0,0,0,0,0,8,0,3
1654,0,1,1,1,0,7,6,0,0,1,2,1,0,1,1,17
1655,0,0,0,0,0,0,0,0,0,0,1,0,0,4,0,3
1656,0,0,0,1,0,0,1,0,0,0,1,1,0,2,0,25
1657,0,0,0,0,0,0,0,0,0,0,0,0,0,1,0,2
1658,1,0,1,0,0,1,0,0,0,1,0,0,0,1,0,2
1659,5,0,0,0,0,2,2,0,0,2,2,0,0,1,0,2
1660,0,0,0,0,0,0,2,0,0,0,2,1,0,1,0,3
1661,0,1,0,1,0,1,3,0,0,0,1,0,0,1,0,1
1662,0,0,0,0,0,1,0,0,1,0,0,0,0,0,0,3
1663,0,0,0,0,0,0,1,0,0,0,0,0,0,0,0,4
1664,0,0,0,0,0,0,2,0,0,0,0,0,0,2,0,4
1665,0,0,0,1,0,0,2,0,1,0,0,0,1,1,0,7
1666,0,0,0,0,0,0,0,0,0,0,0,0,0,2,1,1
1667,1,0,0,1,0,0,3,0,0,0,1,0,0,0,0,3
1668,0,0,0,0,0,0,2,0,0,1,0,2,0,1,0,1
1669,0,0,0,0,1,0,0,0,1,0,1,0,0,2,0,2
1670,0,0,0,0,0,0,1,0,0,0,1,0,0,2,1,5
1671,0,2,0,0,0,1,0,0,0,0,0,0,0,0,0,3
1672,0,0,0,3,0,1,4,0,0,1,0,0,1,0,0,0
1673,0,0,0,0,0,0,2,0,0,0,0,0,0,1,0,0
1674,0,0,0,1,0,0,2,0,0,0,0,0,0,1,0,2
1675,0,0,0,0,0,0,0,0,0,0,4,0,0,1,0,0
1676,0,0,0,1,0,0,0,0,0,0,0,0,0,0,0,1
1677,0,0,0,0,0,1,3,0,0,2,1,1,0,5,0,0
1678,0,1,1,0,0,0,0,0,0,2,0,0,0,3,0,1
1679,0,0,0,0,0,2,1,0,0,1,1,0,0,1,0,1
1680,0,0,0,1,0,0,0,1,0,1,0,0,0,2,0,0
1681,0,0,0,0,0,0,1,0,0,0,0,0,0,1,0,0
1682,1,0,0,0,0,0,1,0,0,0,2,0,0,1,0,1
1683,0,0,0,0,0,0,1,0,0,1,0,0,0,0,0,2
1684,0,0,0,0,0,0,0,0,0,0,0,0,1,1,0,0
1685,0,0,0,0,0,2,2,0,0,2,2,0,0,0,0,0
1686,0,0,0,0,0,0,2,0,0,1,1,0,0,0,0,0
1687,0,0,0,0,0,1,2,2,0,0,1,1,0,1,1,4
1688,0,0,0,0,0,0,4,0,0,2,0,0,0,3,0,0
1689,0,0,0,0,0,0,2,0,0,0,0,0,0,1,0,0
1690,0,0,0,1,0,0,1,0,0,1,0,0,0,0,0,1
1691,0,0,0,0,0,1,0,0,0,1,0,0,1,4,0,1
1692,0,0,0,0,0,0,1,0,0,0,0,0,0,0,0,0
1693,1,0,0,1,0,5,1,0,0,0,1,0,0,1,0,0
1694,0,0,0,0,0,1,0,0,0,1,1,0,1,2,0,1
1695,0,0,0,0,0,1,0,0,0,0,2,0,0,3,0,3
1696,0,0,0,0,0,6,0,0,0,0,0,1,0,0,0,0
1697,0,0,0,0,0,9,0,0,0,1,0,0,0,5,0,2
1698,0,0,0,1,0,4,2,0,0,0,1,0,0,2,0,0
1699,0,0,0,0,0,5,1,1,0,0,1,0,0,2,0,0
1700,0,0,0,0,0,3,0,0,0,1,0,0,0,1,0,0
1701,0,0,0,0,1,1,0,0,0,0,0,0,0,0,0,1
1702,0,0,1,0,0,4,1,0,0,0,0,0,0,3,0,0
1703,0,0,0,0,0,2,0,0,0,0,0,1,0,1,0,0
1704,0,0,0,0,0,1,0,0,0,1,0,2,2,1,0,1
1705,0,0,0,0,0,9,0,0,0,1,2,0,0,1,0,0
1706,0,0,0,0,0,3,1,0,0,2,3,1,0,0,0,0
1707,0,0,0,0,0,3,1,0,0,0,1,0,0,3,0,0
1708,0,0,0,1,0,3,0,0,0,0,0,1,0,0,0,0
1709,0,0,0,0,0,5,4,0,0,2,0,0,0,2,0,0
1710,0,0,0,1,0,4,2,0,0,1,0,1,0,0,0,1
1711,0,0,0,0,0,5,1,0,0,0,0,1,0,0,0,0
1712,0,0,0,1,0,1,1,0,0,1,0,0,1,1,0,2
1713,0,0,0,0,0,0,1,0,0,1,1,0,0,0,0,0
1714,0,0,0,0,0,0,1,0,0,0,0,0,0,2,0,1
1715,0,0,0,1,0,0,0,0,0,1,0,0,1,3,0,0
1716,0,0,0,0,0,0,0,0,0,1,1,0,0,1,0,3
1717,0,0,0,0,0,3,1,0,0,1,0,0,1,1,0,2
1718,0,0,0,2,0,1,0,0,0,2,1,0,0,4,0,0
1719,1,0,0,0,0,3,0,0,0,0,0,0,0,1,0,1
1720,0,0,1,0,0,1,1,0,0,1,1,1,0,1,0,2
1721,0,0,0,2,0,0,1,0,0,0,0,0,0,2,0,0
1722,0,0,0,0,0,3,0,0,0,0,0,0,0,1,0,0
1723,0,0,0,0,0,0,0,2,1,0,0,0,0,0,0,1
1724,0,0,0,0,0,0,0,1,0,1,0,0,0,3,0,0
1725,0,0,0,0,0,1,2,0,0,0,0,0,0,0,0,6
1726,0,0,0,0,0,1,0,2,0,0,2,0,0,2,0,2
1727,1,0,0,0,0,2,0,4,1,2,2,0,1,5,0,7
1728,0,0,0,0,0,1,1,1,0,0,2,1,0,0,1,0
1729,0,0,0,0,0,3,0,2,0,0,3,0,0,1,0,0
1730,0,0,0,0,0,1,0,0,0,0,0,1,0,2,0,0
1731,0,0,0,1,0,1,0,0,0,2,1,1,0,0,0,0
1732,0,0,0,0,0,0,0,0,0,0,0,0,0,1,0,1
1733,0,0,0,0,0,0,4,0,2,0,0,0,0,1,0,0
1734,0,0,0,0,0,0,1,0,0,1,2,0,0,0,0,0
1735,0,0,0,1,0,0,0,0,0,1,1,1,0,0,0,1
1736,0,0,0,0,0,0,0,0,0,1,0,0,0,1,0,0
1737,0,1,0,0,0,0,1,0,0,0,0,0,0,2,0,0
1738,0,0,0,0,0,0,0,0,0,1,0,0,0,1,0,2
1739,0,0,0,0,0,0,1,0,0,1,0,0,0,0,1,0
1740,1,0,0,0,0,0,0,0,0,2,0,0,0,0,0,0
1741,0,0,0,1,0,0,0,0,0,0,0,0,0,1,0,3
1742,0,0,0,0,0,0,0,0,0,2,0,0,0,0,0,3
1743,0,0,0,0,0,0,1,0,0,0,0,0,0,0,0,1
1744,0,0,0,0,0,0,2,3,0,1,1,1,0,0,0,1
1745,0,0,0,0,0,0,1,2,0,1,0,1,0,0,0,0
1746,0,0,0,0,0,1,0,0,0,3,0,0,0,1,0,10
1747,0,1,0,0,0,0,1,0,0,0,1,0,0,0,0,2
1748,0,0,0,0,0,0,0,1,0,0,1,0,0,1,0,0
1749,0,0,0,0,0,0,1,1,0,2,0,0,1,0,0,0
1750,0,0,0,0,0,1,0,0,0,0,0,0,0,0,1,0
1751,0,2,0,0,0,0,0,0,0,0,1,0,0,0,0,2
1752,0,0,0,0,0,1,0,0,1,1,0,0,0,2,0,1
1753,0,0,0,0,0,1,0,0,0,0,0,0,0,1,0,0
1754,0,0,0,0,0,0,2,0,0,1,1,0,1,1,0,0
1755,0,0,0,0,0,1,1,1,0,1,0,0,0,1,0,0
1756,0,0,0,1,0,0,0,0,0,1,0,1,0,2,0,0
1757,0,0,0,0,0,2,3,2,0,0,1,0,0,0,0,2
1758,0,0,0,2,0,0,3,0,0,2,2,0,0,1,0,3
1759,0,0,0,0,0,0,1,0,0,0,2,0,0,2,0,2
1760,0,0,0,0,1,0,0,1,0,0,0,1,0,2,0,0
1761,1,0,1,1,0,1,0,0,1,2,0,0,1,0,0,1
1762,0,0,0,0,0,1,1,0,0,1,0,0,0,2,1,0
1763,0,0,0,0,0,0,1,0,1,0,0,0,0,0,0,7
1764,0,0,0,1,0,0,0,0,0,0,2,0,0,0,0,0
1765,0,0,0,0,0,0,0,0,0,2,1,0,0,1,0,1
1766,0,0,0,0,0,0,0,0,0,0,0,2,0,1,0,0
1767,0,0,0,1,0,0,1,0,0,4,1,0,0,0,0,8
1768,0,0,0,1,0,0,0,0,0,0,1,1,0,1,0,2
1769,0,0,0,2,0,1,1,0,2,1,0,0,0,0,0,0
1770,0,0,0,3,0,0,0,0,0,2,0,0,0,3,0,0
1771,0,0,0,0,0,0,1,0,0,0,0,0,0,0,0,0
1772,0,0,0,0,0,0,0,0,0,1,1,0,1,0,0,1
1773,0,0,0,0,0,1,0,0,0,0,2,0,0,2,0,0
1774,0,0,0,1,0,0,0,0,0,0,0,0,0,0,0,0
1775,0,0,0,0,0,3,1,0,0,1,1,0,0,1,0,2
1776,1,0,0,0,0,0,0,0,0,0,1,0,0,0,0,0
1777,0,0,0,0,0,0,0,0,1,2,1,0,0,0,0,0
1778,0,0,0,0,0,0,0,0,0,0,0,0,1,0,0,0
1779,0,0,0,0,0,0,0,0,0,0,1,0,0,3,0,1
1780,0,0,0,0,0,0,1,0,1,0,1,1,0,0,0,0
1781,0,0,0,0,0,1,1,0,0,0,0,1,0,1,0,0
1782,0,0,0,0,0,1,0,1,0,3,0,0,0,0,0,2
1783,0,0,1,0,0,0,0,0,0,0,1,0,0,0,0,0
1784,0,0,0,2,0,0,0,0,0,1,0,1,0,1,0,2
1785,0,0,0,0,0,0,4,0,0,3,0,0,0,1,0,2
1786,0,0,0,3,0,1,1,0,0,0,1,0,0,2,0,0
1787,0,0,0,0,0,0,0,0,0,0,0,0,0,1,0,0
1788,0,0,0,0,0,1,0,0,0,0,1,0,0,1,0,1
1789,0,0,1,1,0,0,1,0,0,1,0,0,0,2,0,0
1790,0,0,0,0,0,0,1,0,0,1,2,0,0,1,0,1
1791,0,0,0,0,0,0,1,0,1,0,2,0,1,1,0,1
1792,0,0,0,1,0,0,0,0,0,0,0,1,0,1,0,1
1793,0,0,1,0,0,0,1,0,0,1,0,0,0,1,0,4
1794,0,0,1,1,0,1,2,1,0,4,1,1,1,0,0,2
1795,0,0,0,0,0,0,1,0,0,2,0,0,1,2,0,0
1796,1,0,0,1,1,0,2,1,0,2,1,0,0,0,0,0
1797,0,0,0,3,0,0,0,0,0,0,2,0,0,2,0,0
1798,0,0,0,0,0,1,1,0,0,1,0,0,0,1,0,2
1799,0,0,0,0,0,3,2,0,1,1,0,1,0,0,0,1
1800,0,0,0,0,0,0,2,0,0,0,0,1,0,2,0,4
1801,0,0,0,0,1,0,2,0,0,2,0,0,0,4,0,14
1802,0,0,0,0,0,1,0,0,0,0,0,0,0,0,0,2
1803,0,0,0,0,0,0,1,0,0,0,0,0,0,2,0,1
1804,0,0,0,1,0,0,1,0,1,2,0,1,1,1,0,1
1806,0,0,0,0,0,0,1,0,0,0,1,0,0,1,0,0
1807,0,0,0,0,1,0,0,0,0,0,1,0,0,2,0,0
1808,1,0,0,0,0,0,2,0,0,1,0,0,0,0,0,2
1809,0,0,0,0,0,0,0,0,1,1,0,1,0,4,0,0
1810,0,0,0,2,0,1,2,0,0,2,0,0,0,0,0,6
1811,0,0,0,1,0,0,1,0,1,1,0,0,0,1,0,0
1812,0,0,0,1,0,0,1,0,0,4,0,1,0,0,0,0
1813,1,0,0,1,0,0,4,2,0,0,2,0,0,1,0,17
1814,0,0,0,0,0,0,3,1,0,2,0,0,0,1,0,2
1815,0,0,0,0,0,1,0,0,0,0,0,1,0,6,0,1
1816,0,0,0,0,0,0,1,0,0,1,0,0,0,0,0,1
1817,0,0,0,0,0,1,1,2,1,1,0,1,2,3,0,1
1818,0,0,0,0,0,0,2,0,0,0,1,0,2,1,0,1
1819,3,0,0,0,0,0,1,0,0,6,1,0,0,4,0,0
1820,0,0,0,0,0,0,1,0,0,1,0,0,0,1,0,1
1821,0,1,0,1,0,0,1,0,0,3,0,0,0,1,0,1
1822,0,0,0,4,0,0,6,0,0,1,2,0,0,0,1,0
1823,1,0,0,0,0,0,3,0,0,3,0,1,2,2,0,4
1824,0,1,0,0,0,0,2,0,0,1,0,1,0,1,0,2
1825,0,0,0,0,0,0,2,0,0,1,2,0,0,0,0,0
1826,0,0,0,0,0,1,1,0,1,0,1,0,0,0,0,2
1827,0,0,0,0,0,0,1,0,0,0,1,0,0,0,0,4
1828,0,0,0,0,0,1,0,0,1,1,0,1,0,1,0,4
1829,0,0,0,1,0,1,0,0,1,0,0,0,0,0,0,0
1830,0,0,0,0,0,0,0,0,0,1,0,0,0,0,0,0
1831,0,0,0,0,0,0,1,0,2,0,1,0,0,0,0,0
1832,0,0,0,2,0,0,1,0,0,0,0,0,0,3,0,1
1833,0,0,0,1,0,0,0,0,0,0,1,0,0,1,0,0
1834,0,0,0,0,0,0,1,0,0,0,1,1,0,1,0,1
1835,0,0,0,1,0,0,0,0,0,0,1,0,2,0,0,5
1836,0,0,0,0,0,0,3,0,0,2,1,0,3,1,0,1
1837,0,0,0,0,0,1,1,0,1,1,0,1,0,0,0,5
1838,0,0,1,0,0,0,3,0,0,0,1,0,0,0,0,2
1839,0,0,0,0,0,1,1,0,2,0,0,0,0,0,0,1
1840,0,0,0,1,0,0,2,2,0,0,2,0,1,1,0,0
1841,0,0,0,0,0,0,0,0,1,0,1,1,0,0,0,3
1842,0,0,0,0,0,2,1,1,0,1,0,0,0,3,0,0
1843,5,0,0,1,0,1,3,0,0,1,1,0,2,1,0,0
1844,0,0,0,0,0,0,1,0,2,2,0,0,0,1,0,0
1845,0,0,0,0,0,0,0,1,1,1,1,0,1,3,0,1
1846,0,0,0,0,0,0,0,0,0,0,1,0,0,1,0,2
1847,0,0,0,2,0,0,0,0,1,1,1,0,0,2,0,1
1848,0,0,0,0,0,0,1,0,3,1,0,0,0,2,0,2
1849,0,0,0,0,0,1,0,0,0,3,1,0,0,0,0,3
1850,0,0,0,2,0,3,1,0,2,0,1,0,0,2,0,0
1851,0,0,0,0,0,1,1,0,0,2,0,1,1,1,0,2
1852,0,0,0,0,0,2,2,0,0,0,5,0,0,1,0,5
1853,0,0,0,1,0,0,0,0,0,0,0,0,0,3,0,1
1854,1,0,0,0,0,2,3,0,0,0,1,0,0,1,0,9
1855,0,0,0,0,0,0,1,0,0,1,2,0,0,2,0,0
1856,0,0,0,0,0,1,2,0,0,1,1,0,0,1,0,2
1857,0,0,0,1,0,4,1,1,0,3,2,0,0,0,0,3
1858,0,0,0,0,0,2,3,2,2,0,4,2,1,0,0,6
1859,0,0,0,0,0,0,1,0,0,1,0,0,0,0,0,6
1860,0,0,0,0,1,5,2,0,0,0,2,0,0,0,0,4
1861,0,0,0,0,0,1,1,0,0,0,2,0,0,0,0,0
1862,1,0,0,0,0,2,0,1,0,0,0,0,0,0,0,0
1863,0,0,1,0,0,4,0,0,2,0,0,0,0,1,0,0
1864,0,0,0,0,0,3,1,1,0,0,1,0,1,1,0,0
1865,0,0,0,0,0,0,3,0,0,1,0,0,0,3,0,4
1866,0,0,1,0,0,2,2,1,0,1,1,2,0,0,0,3
1867,0,0,0,0,0,0,2,1,0,0,0,0,1,0,0,0
1868,0,0,0,0,0,0,0,0,0,0,3,1,0,0,0,3
1869,0,0,0,2,0,3,1,0,0,0,2,1,0,0,0,3
1870,0,0,0,0,0,0,3,1,0,1,1,0,1,0,0,0
1871,0,0,0,0,0,0,0,1,0,0,0,0,0,0,0,0
1872,0,0,0,3,0,0,1,0,0,1,0,1,0,0,0,3
1873,0,1,0,0,0,2,2,1,0,3,1,1,4,4,0,0
1874,0,0,0,1,0,0,0,1,0,0,1,0,0,1,0,0
1875,0,0,0,0,0,0,0,0,0,1,3,0,0,3,0,0
1876,0,0,0,0,0,0,1,0,3,0,1,0,0,1,0,0
1877,0,0,0,4,0,0,3,0,0,1,1,0,0,1,0,1
1878,1,1,0,1,0,1,3,3,2,0,1,0,0,2,0,16
1879,0,0,0,0,0,0,2,0,0,1,0,0,0,4,0,4
1880,0,0,0,0,0,3,0,0,0,1,3,0,2,0,0,0
1881,0,0,0,0,0,1,0,0,1,0,1,0,0,0,0,0
1882,1,0,0,0,0,0,1,0,0,3,0,0,0,1,0,0
1883,0,0,0,0,0,0,3,0,0,0,5,0,0,0,0,3
1884,0,0,0,0,1,0,1,0,0,0,0,1,0,1,0,2
1885,0,0,1,0,0,0,3,0,0,1,0,0,1,3,0,0
1886,0,0,0,0,0,0,1,0,0,0,1,0,3,0,0,1
1887,2,0,0,2,0,0,1,0,0,1,0,0,1,0,0,9
1888,1,0,0,0,0,1,0,0,1,0,3,0,0,0,0,2
1889,1,0,0,0,0,0,0,0,0,1,2,0,4,2,0,2
1890,0,0,0,0,0,0,0,1,1,0,2,2,0,1,0,3
1891,0,0,2,0,1,0,3,1,2,0,0,0,0,0,0,2
1892,0,0,1,0,0,0,0,0,1,0,1,0,0,3,0,0
1893,0,0,0,0,0,2,0,0,2,0,0,2,0,3,0,4
1894,0,0,0,0,0,0,0,0,0,0,0,0,0,1,0,1
1895,0,0,0,0,0,1,0,0,1,1,0,0,0,1,0,3
1896,0,0,1,0,0,0,1,0,0,0,0,0,0,1,0,2
1897,0,0,0,0,0,0,1,0,0,2,2,0,0,0,0,7
1898,0,0,0,0,0,0,0,0,0,1,0,0,0,2,0,5
1899,0,0,0,0,0,1,0,0,1,1,3,0,0,2,0,0
1900,0,0,1,2,0,0,1,0,0,0,2,0,0,0,0,0
1901,0,0,0,1,0,1,2,0,0,0,0,0,0,0,0,5
1902,0,0,0,0,0,1,0,1,0,1,0,1,0,0,0,2
1903,0,0,0,0,0,0,1,0,1,0,2,0,0,2,0,3
1904,0,0,1,0,0,1,1,0,0,2,0,0,0,1,0,2
1905,0,0,0,1,0,1,3,0,0,3,2,2,1,2,1,7
1906,0,0,0,1,0,2,1,0,1,2,1,0,0,0,0,1
1907,0,0,0,0,0,0,0,0,0,0,1,0,0,2,0,3
1908,0,0,0,0,0,0,3,0,0,0,0,0,0,0,0,0
1909,0,0,0,2,0,2,8,0,0,4,1,0,0,1,0,0
1910,0,0,0,1,1,0,2,0,1,2,0,0,0,3,0,1
1911,0,0,0,0,0,0,0,0,0,2,0,0,0,4,0,3
1912,1,3,0,0,0,1,0,0,0,0,0,0,2,0,0,6
1913,1,0,0,0,0,0,1,1,3,1,1,0,0,0,0,0
1914,0,0,0,0,0,0,1,0,0,2,0,0,0,2,0,0
1915,0,0,0,0,0,0,1,1,0,1,1,0,0,1,0,7
1916,0,0,0,0,0,0,0,0,0,4,1,0,0,1,0,1
1917,0,0,0,0,0,0,0,0,2,1,0,0,0,2,0,2
1918,0,0,0,0,0,1,0,0,0,0,0,0,0,0,0,1
1919,0,0,0,0,0,0,0,2,0,1,0,1,1,0,0,5
1920,0,0,0,0,0,1,0,0,2,1,1,1,0,4,0,0
1921,0,0,0,0,0,1,1,0,0,0,0,0,0,1,0,2
1922,0,0,0,1,0,1,4,0,0,0,0,0,0,0,0,0
1923,0,1,0,1,0,0,0,0,0,0,0,0,0,1,0,4
1924,0,1,0,0,0,0,2,1,0,1,1,0,0,0,0,2
1925,0,0,0,0,0,0,2,0,0,0,2,0,0,0,0,0
1926,0,0,0,0,0,0,0,0,0,3,2,0,0,2,0,2
1927,0,0,0,0,0,0,1,1,2,1,0,0,0,0,0,4
1928,1,0,1,0,0,2,1,1,0,1,4,0,1,2,0,1
1929,0,0,0,0,0,0,1,0,0,1,3,1,0,2,0,0
1930,0,0,0,0,0,1,3,1,0,2,1,0,0,1,0,2
1931,0,0,0,2,0,1,1,1,1,3,1,0,0,0,0,1
1932,0,0,0,0,0,0,4,0,0,2,1,1,0,3,0,1
1933,0,0,1,0,0,0,1,0,0,0,0,0,0,0,0,1
1934,0,0,0,0,0,1,0,0,0,0,0,0,0,0,0,0
1935,0,0,0,0,0,0,0,0,1,0,1,0,0,0,0,1
1936,0,0,0,0,0,1,0,1,0,1,2,1,0,2,0,0
1937,0,0,0,0,0,0,0,0,0,2,1,0,0,0,0,0
1938,0,0,0,0,0,0,2,0,0,0,0,0,0,0,0,1
1939,3,0,0,0,0,1,0,0,0,2,1,0,0,0,0,3
1940,0,0,0,0,0,0,1,0,0,2,2,0,0,1,0,5
1941,0,0,0,0,0,0,1,0,2,0,0,0,0,2,0,1
1942,0,1,0,1,0,0,1,1,0,3,0,0,0,6,0,2
1943,1,0,0,0,0,1,0,0,0,0,1,0,0,1,0,0
1944,0,0,0,0,0,0,0,0,0,0,0,2,0,0,0,0
1945,0,0,0,0,0,0,1,0,0,0,1,0,0,0,0,0
1946,0,0,0,0,0,0,2,0,1,0,0,0,0,0,0,0
1947,0,0,0,0,0,0,1,0,0,0,2,1,0,1,0,7
1948,0,0,0,0,0,0,1,0,0,0,0,1,1,1,0,3
1949,0,0,0,0,0,0,0,0,0,0,0,1,0,0,0,0
1950,0,0,0,0,0,1,3,0,0,0,1,0,0,3,0,1
1951,0,0,0,0,0,0,1,1,0,0,0,1,0,0,0,4
1952,0,0,0,0,0,0,2,0,0,2,0,0,0,3,0,8
1953,0,0,0,0,0,0,1,0,0,0,0,0,0,0,0,0
1954,0,0,0,0,0,1,0,0,0,0,0,0,0,0,0,0
1955,0,1,0,0,0,0,2,1,0,1,3,1,0,5,0,1
1956,0,0,0,0,0,1,0,0,0,0,0,0,0,1,0,0
1957,0,0,0,1,0,0,1,1,0,1,0,0,0,1,0,0
1958,0,0,0,0,0,1,2,0,1,0,1,1,0,0,0,3
1959,0,0,0,0,0,0,0,1,0,1,1,0,0,1,0,0
1960,0,0,0,0,0,2,1,0,0,1,2,0,0,0,1,0
1961,0,0,0,0,0,0,2,1,2,0,2,0,0,1,0,0
1962,0,0,0,1,0,0,1,0,0,0,0,0,0,1,0,1
1963,0,0,0,0,0,0,2,0,0,0,0,0,1,0,0,0
1964,0,0,0,0,0,0,1,0,0,1,1,1,2,0,0,0
1965,0,1,0,0,0,0,2,0,0,0,1,1,0,2,0,6
1966,0,0,0,0,0,1,2,0,0,1,1,0,0,1,1,1
1967,0,0,0,0,0,0,1,0,0,1,0,0,0,1,0,0
1968,0,0,0,0,0,1,0,0,1,0,1,0,0,0,0,1
1969,0,0,0,0,0,1,0,0,0,0,0,0,0,0,1,4
1970,2,0,0,0,0,1,2,0,1,0,0,1,0,3,0,0
1971,0,0,0,1,0,0,0,0,0,0,0,0,0,0,0,0
1972,0,0,0,0,0,0,2,2,0,0,0,0,1,0,0,1
1973,0,0,0,1,0,1,3,0,0,1,3,1,1,1,0,0
1974,1,0,0,1,0,4,6,0,0,2,2,0,1,3,0,5
1975,0,0,0,0,0,0,3,0,0,0,0,0,1,0,0,3
1976,0,0,0,1,0,0,0,0,0,0,0,1,0,0,0,0
1977,0,0,1,0,0,0,1,0,0,1,0,2,0,1,0,2
1978,0,0,0,0,0,0,4,0,0,3,1,0,1,1,0,3
1979,0,1,0,0,0,2,4,0,0,3,0,0,0,1,0,14
1980,0,0,0,1,0,1,2,0,1,0,1,0,0,1,0,1
1981,2,0,0,3,0,0,0,0,1,4,0,0,1,0,0,2
1982,0,0,0,0,0,1,2,0,1,0,3,0,0,0,0,0
1983,0,2,0,0,0,0,2,2,0,2,4,0,3,2,0,0
1984,0,0,0,1,0,1,3,0,0,1,3,1,1,1,0,0
1985,0,0,0,0,0,0,0,0,1,0,0,0,0,0,0,0
1986,1,0,0,0,0,0,2,0,0,0,2,0,0,0,0,3
1987,0,1,0,0,0,0,1,0,0,4,0,0,0,1,0,2
1988,0,0,0,0,0,1,2,0,0,1,0,0,1,1,0,5
1989,0,1,0,0,0,4,2,0,0,1,2,1,0,0,0,0
1990,0,0,0,0,0,0,0,0,1,1,1,1,0,0,0,1
1991,0,0,0,0,0,0,1,0,0,1,0,0,0,1,0,0
1992,0,0,0,0,0,1,1,2,2,1,0,2,1,3,0,2
1993,0,1,0,0,0,0,0,0,0,0,0,0,0,1,0,1
1994,0,0,0,0,0,0,0,0,0,1,2,0,0,4,0,1
1995,0,0,0,0,0,0,1,2,2,1,1,1,0,2,0,0
1996,0,0,0,1,0,3,2,0,0,2,0,1,0,0,0,1
1997,0,0,0,0,0,0,2,0,0,0,0,0,0,2,0,2
1998,0,0,0,0,0,0,1,0,0,0,1,0,0,0,0,0
1999,0,0,0,0,0,1,1,0,2,0,1,1,0,1,0,4
2000,0,0,0,0,0,1,3,0,0,1,0,1,1,0,1,1
2001,0,0,0,0,0,0,0,0,0,0,2,0,3,1,0,3
2002,0,0,0,0,0,2,1,0,0,0,1,0,0,1,0,1
2003,0,0,0,0,0,0,0,0,0,1,1,0,0,0,0,1
2004,0,1,0,0,0,0,1,0,0,0,1,1,0,0,0,2
2005,0,0,0,1,0,2,0,0,0,2,0,0,0,1,0,3
2006,0,0,0,1,0,2,2,0,1,0,0,1,0,0,0,2
2007,0,0,0,0,0,2,1,0,0,1,1,0,1,2,1,1
2008,0,0,0,0,0,0,0,0,0,3,3,0,0,0,0,3
2009,0,0,0,1,0,1,0,1,0,3,0,0,0,1,0,1
2010,0,1,1,3,0,0,0,0,1,1,2,1,0,1,0,3
2011,2,0,0,1,0,0,0,1,0,0,1,0,1,2,0,2
2012,0,1,0,0,0,2,1,0,0,0,0,1,0,1,0,2
2013,0,0,0,2,0,1,0,0,0,1,3,0,0,2,0,0
2014,0,0,0,0,0,0,3,0,0,0,2,0,0,2,0,0
2015,0,0,0,0,0,0,1,1,0,0,1,0,0,0,0,0
2016,0,0,0,0,0,0,1,0,2,1,0,0,0,1,0,1
2017,0,0,0,1,0,0,2,0,0,1,1,0,0,0,0,4
2018,0,0,0,0,0,0,1,0,0,1,1,0,0,0,0,0
2019,0,0,0,0,0,0,1,0,1,1,0,0,0,0,0,0
2020,0,0,0,0,0,0,0,0,0,1,2,1,1,0,0,0
2021,0,1,0,0,0,0,1,0,0,0,0,0,0,0,0,0
2022,0,0,0,0,0,1,3,0,2,1,2,1,0,2,0,4
2023,1,0,0,0,0,1,1,3,0,0,1,0,1,1,0,0
2024,0,0,0,0,0,0,1,0,0,1,1,0,1,1,0,0
2025,0,0,0,0,0,2,0,0,0,1,1,0,0,1,0,0
2026,0,0,0,0,0,0,1,1,0,0,0,0,0,1,0,2
2027,0,0,0,0,0,2,2,1,0,0,1,0,0,0,0,3
2028,0,0,0,0,0,1,2,0,0,0,0,0,0,0,0,2
2029,0,0,0,0,0,1,2,0,2,1,0,1,0,0,0,0
2030,0,0,1,0,0,0,1,0,1,0,2,2,0,1,0,0
2031,0,0,0,0,0,0,0,0,0,0,2,0,0,0,0,1
2032,0,1,0,1,0,0,0,1,2,0,0,3,0,0,1,0
2033,0,0,0,0,0,0,0,0,1,1,0,0,1,0,0,0
2034,0,0,0,0,0,2,0,0,3,0,0,0,0,3,0,2
2035,0,0,1,0,0,0,0,0,0,0,2,1,0,2,0,1
2036,0,0,0,1,0,1,1,0,0,0,2,1,0,4,0,0
2037,0,0,0,0,0,2,1,1,0,2,1,0,0,2,0,1
2038,0,0,0,0,0,0,0,0,2,0,1,0,0,0,0,0
2039,0,0,0,3,0,0,6,0,3,1,1,1,2,0,1,1
2040,0,1,0,0,0,3,3,0,1,1,0,1,0,2,0,0
2041,2,0,0,1,0,0,2,1,0,0,1,0,0,0,0,5
2042,0,0,0,0,0,1,3,1,1,1,1,0,0,1,0,6
2043,0,0,0,0,0,2,0,0,2,1,1,2,0,0,0,1
2044,0,0,0,0,0,1,2,1,0,0,1,0,0,0,0,0
2045,0,0,0,0,0,1,3,2,0,1,2,0,0,3,0,4
2046,1,0,0,1,0,0,0,1,0,1,0,0,0,3,0,3
2047,0,0,0,0,0,0,0,0,0,0,1,0,0,2,0,0
2048,0,0,0,1,0,2,4,0,0,0,1,0,0,0,0,3
2049,0,0,0,0,0,1,0,0,1,0,0,0,0,2,0,1
2050,0,0,0,0,0,0,3,0,0,4,1,0,0,2,0,1
2051,1,0,0,0,0,3,1,0,0,0,0,0,0,2,0,2
2052,0,0,1,0,0,1,1,0,1,0,3,3,2,1,0,0
2053,0,0,0,0,0,2,1,1,0,0,0,1,0,4,0,1
2054,0,0,0,0,0,0,0,0,0,0,0,0,0,1,1,0
2055,0,0,0,0,0,0,3,0,1,3,1,0,0,1,0,0
2056,0,0,0,0,0,2,2,0,0,2,0,0,0,2,0,0
2057,0,0,0,0,0,5,1,0,0,1,1,0,0,0,0,2
2058,0,1,0,0,0,1,4,1,0,0,1,1,0,2,1,3
2059,0,0,1,2,0,0,1,1,0,1,0,0,0,1,0,16
2060,0,0,0,2,0,2,0,2,0,1,0,0,0,2,0,4
2061,0,0,0,0,0,1,2,0,0,1,0,0,0,1,0,1
2062,0,0,0,0,0,5,1,1,0,0,0,0,0,2,0,1
2063,0,0,0,1,0,2,2,0,0,1,0,0,0,1,0,2
2064,0,0,1,2,0,0,2,0,0,0,1,0,0,0,0,1
2065,0,0,0,0,0,1,1,0,0,0,0,1,0,0,0,2
2066,0,0,0,0,0,0,1,0,0,1,0,0,2,1,0,0
2067,0,1,0,0,0,0,1,0,0,0,0,0,0,3,0,3
2068,0,0,0,0,0,4,0,0,0,0,0,0,4,1,0,4
2069,0,0,0,0,0,0,0,0,1,0,1,0,0,0,0,0
2070,0,1,0,0,0,0,1,0,0,1,1,0,0,3,0,1
2071,0,0,0,0,0,1,0,0,0,0,0,0,0,0,0,0
2072,0,0,0,2,0,0,0,0,0,1,1,0,0,5,0,6
2073,0,1,0,0,0,0,0,0,0,1,0,0,0,3,0,0
2074,0,0,0,0,0,0,0,0,0,0,0,0,0,1,0,0
2075,0,1,0,1,0,0,1,0,1,0,3,0,0,2,0,5
2076,0,1,1,0,0,2,0,0,0,3,1,0,0,3,0,5
2077,0,0,0,0,0,1,2,0,0,0,1,0,0,3,0,1
2078,0,0,0,0,0,1,0,0,0,0,0,0,0,3,0,0
2079,0,0,0,0,0,0,0,0,0,0,1,0,0,2,0,0
2080,0,0,0,2,0,0,3,0,0,0,0,0,0,4,0,1
2081,0,1,0,0,0,0,0,0,1,3,1,0,0,0,0,0
2082,0,0,0,1,0,0,0,0,0,3,0,0,1,1,0,1
2083,0,0,0,0,0,0,0,1,0,2,0,0,0,0,0,3
2084,0,1,0,0,0,1,1,0,0,0,1,0,0,1,1,1
2085,0,0,0,0,0,0,0,1,2,0,0,0,0,1,0,0
2086,0,0,0,0,0,0,1,0,0,3,0,0,0,1,0,4
2087,0,0,0,1,0,0,0,0,0,1,0,2,0,2,0,0
2088,0,0,0,3,0,0,0,0,0,1,0,0,0,2,0,0
2089,0,0,0,3,0,1,2,0,0,0,2,0,0,0,0,2
2090,0,0,0,0,0,2,0,0,0,0,1,1,0,0,0,1
2091,0,0,0,0,0,3,2,0,1,0,1,0,0,6,0,0
2092,0,0,0,0,0,2,1,0,0,0,0,0,0,0,0,1
2093,0,0,0,0,0,3,1,0,0,0,0,1,0,0,0,0
2094,0,0,0,0,0,1,0,0,0,2,1,1,0,0,0,0
2095,0,0,0,7,0,0,0,1,0,0,0,0,0,1,0,0
2096,0,0,0,0,0,0,0,0,2,0,0,0,0,0,0,1
2097,0,0,0,7,0,1,5,0,0,4,0,0,0,0,0,0
2098,0,0,0,0,0,2,1,0,0,0,0,0,0,0,0,1
2099,0,0,1,0,0,0,2,0,0,1,2,0,0,0,0,3
2100,0,0,0,0,0,1,0,0,0,3,1,0,0,3,0,2
2101,0,0,0,0,0,0,0,0,0,0,0,0,0,1,0,1
2102,0,0,0,0,0,0,1,0,0,0,2,1,0,3,0,0
2103,0,0,0,0,0,0,1,0,0,1,1,0,0,1,0,0
2104,0,0,0,3,0,1,1,0,0,0,1,0,1,1,0,0
2105,0,0,0,0,0,1,1,0,0,2,0,0,1,0,0,2
2106,0,0,0,1,0,2,0,0,1,1,0,1,0,0,0,1
2107,0,0,0,2,0,4,1,0,1,0,2,0,1,2,0,3
2108,0,0,0,0,0,2,1,0,1,0,2,0,1,3,0,3
2109,0,0,0,0,0,0,3,0,0,2,0,0,0,0,0,7
2110,0,0,0,0,0,2,1,0,0,1,1,1,0,0,0,1
2111,0,0,1,0,0,0,3,0,0,2,1,0,0,0,0,0
2112,0,1,0,0,0,1,0,1,0,0,0,0,0,1,0,0
2113,0,0,0,0,0,1,1,0,1,0,0,0,0,0,0,1
2114,0,0,0,0,0,1,4,0,0,3,0,1,0,2,0,2
2115,0,0,0,0,0,1,1,0,1,2,0,1,0,1,0,0
2116,0,0,1,0,0,1,0,0,0,0,0,0,0,2,0,1
2117,0,0,0,0,0,0,0,0,0,0,0,0,0,1,0,2
2118,0,1,0,0,0,2,0,0,0,0,0,0,0,0,0,1
2119,0,0,0,0,0,2,1,0,0,0,0,0,0,0,0,0
2120,0,0,0,0,0,3,0,0,0,3,2,1,0,0,0,1
2121,0,1,0,0,0,0,0,0,3,1,1,0,0,1,0,1
2122,0,0,0,0,0,0,1,0,1,0,0,0,0,0,0,5
2123,0,0,0,0,0,3,0,0,1,1,0,0,0,1,0,2
2124,0,0,0,0,0,0,5,0,1,1,0,1,0,0,0,2
2125,0,0,0,0,0,1,2,0,0,0,2,0,0,1,0,2
2126,0,0,0,3,0,1,4,0,1,4,6,0,0,1,0,0
2127,0,0,0,0,0,0,0,1,3,2,0,0,0,0,0,1
2128,0,0,0,0,0,3,2,1,0,1,1,0,0,0,0,0
2129,0,0,0,0,0,2,0,1,0,0,1,2,0,1,0,3
2130,0,0,0,1,0,0,0,0,1,2,0,0,0,2,0,0
2131,0,0,0,0,0,0,0,0,2,0,3,0,0,1,0,0
2132,0,0,0,0,0,3,1,0,1,4,2,1,0,0,0,1
2133,0,0,0,0,0,2,0,0,0,2,0,0,0,1,0,2
2134,0,0,0,0,0,0,2,0,0,0,0,0,0,2,0,0
2135,0,0,0,0,0,3,0,0,0,1,0,1,0,0,0,0
2136,1,0,0,0,0,2,0,0,0,1,0,1,0,2,0,4
2137,0,0,0,1,0,2,2,0,0,1,1,0,0,1,0,0
2138,0,0,0,0,0,0,1,0,1,1,4,0,0,1,0,0
2139,0,0,0,0,0,2,3,0,2,0,0,0,0,2,0,0
2140,0,0,0,0,0,0,3,0,1,0,0,0,0,0,1,7
2141,0,0,0,0,0,1,1,0,2,1,1,0,0,3,0,2
2142,0,1,0,0,0,0,0,0,0,0,1,1,0,0,0,0
2143,0,0,0,1,0,0,0,0,0,4,2,1,0,0,0,3
2144,0,0,0,0,0,1,0,0,1,2,1,2,0,3,0,1
2145,0,0,0,0,0,5,2,0,0,1,2,1,0,0,0,7
2146,0,0,0,0,0,3,1,0,0,0,0,0,1,1,0,0
2147,0,0,0,0,0,1,0,0,0,0,0,1,0,0,0,0
2148,0,0,0,4,0,3,0,0,0,0,0,0,0,5,0,13
2149,1,1,1,2,0,6,5,0,0,2,1,1,1,3,0,5
2150,0,0,0,0,0,4,2,0,0,1,1,0,0,0,0,0
2151,0,0,1,1,0,4,4,0,0,1,0,1,0,2,0,8
2152,0,0,0,0,0,4,2,0,0,0,0,1,0,7,0,0
2153,0,2,0,0,0,7,2,0,0,0,1,2,0,0,0,4
2154,0,0,0,0,0,6,4,3,0,0,2,0,0,3,0,1
2155,0,0,1,1,0,1,1,0,1,3,0,0,0,0,0,2
2156,0,0,0,1,0,5,5,0,0,0,3,0,1,0,0,1
2157,0,0,0,0,0,0,3,0,0,0,0,1,0,1,0,3
2158,5,0,0,1,0,2,2,2,1,3,0,0,0,0,0,4
2159,0,0,1,0,0,7,2,0,1,0,1,0,0,3,0,1
2160,0,0,0,0,0,6,2,1,0,0,1,0,0,0,0,4
2161,0,0,0,0,0,3,2,0,0,0,2,1,0,1,0,3
2162,0,0,0,0,0,1,2,0,0,0,0,0,0,2,0,4
2163,0,0,0,0,0,7,2,0,0,0,2,2,1,0,0,0
